[     447ms] [ERROR] Failed to load resource: the server responded with a status of 404 () @ https://systemdesignschool.io/patterns:0
[    1679ms] [WARNING] [GSI_LOGGER]: Your client application uses one of the Google One Tap prompt UI status methods that may stop functioning when FedCM becomes mandatory. Refer to the migration guide to update your code accordingly and opt-in to FedCM to test your changes. Learn more: https://developers.google.com/identity/gsi/web/guides/fedcm-migration?s=dc#display_moment and https://developers.google.com/identity/gsi/web/guides/fedcm-migration?s=dc#skipped_moment @ https://accounts.google.com/gsi/client:86
[    1685ms] [ERROR] Not signed in with the identity provider. @ https://systemdesignschool.io/patterns:0
[    9631ms] [ERROR] [GSI_LOGGER]: FedCM get() rejects with NetworkError: Error retrieving a token. @ https://accounts.google.com/gsi/client:87
[   16544ms] [WARNING] [GSI_LOGGER]: Your client application uses one of the Google One Tap prompt UI status methods that may stop functioning when FedCM becomes mandatory. Refer to the migration guide to update your code accordingly and opt-in to FedCM to test your changes. Learn more: https://developers.google.com/identity/gsi/web/guides/fedcm-migration?s=dc#display_moment and https://developers.google.com/identity/gsi/web/guides/fedcm-migration?s=dc#skipped_moment @ https://accounts.google.com/gsi/client:86
[   16551ms] [ERROR] Not signed in with the identity provider. @ https://systemdesignschool.io/:0
[   19003ms] [ERROR] [GSI_LOGGER]: FedCM get() rejects with NetworkError: Error retrieving a token. @ https://accounts.google.com/gsi/client:87
[   36317ms] [ERROR] Failed to load resource: net::ERR_CONNECTION_TIMED_OUT @ https://www.clarity.ms/tag/rmro4w3088?ref=npm:0
[   80947ms] [INFO] Loading the script 'https://www.youtube.com/s/_/ytembeds/_/js/k=ytembeds.base.en_US.60gHVOycP-w.2021.O/am=AAAAgA/d=1/br=1/rs=AGKMywGVxiDxhd1zzjSDYgn5Ajtm8-QDYQ/m=root,base' violates the following Content Security Policy directive: "script-src 'unsafe-inline'". Note that 'script-src-elem' was not explicitly set, so 'script-src' is used as a fallback. The policy is report-only, so the violation has been logged but no further action has been taken. @ https://www.youtube.com/embed/OWVaX_cBrh8?si=MAfaQS1TV1r7USUI:0
[   80959ms] [INFO] Loading the script 'https://www.youtube.com/s/player/bed7a914/player_embed_es6.vflset/en_US/base.js' violates the following Content Security Policy directive: "script-src 'unsafe-inline'". Note that 'script-src-elem' was not explicitly set, so 'script-src' is used as a fallback. The policy is report-only, so the violation has been logged but no further action has been taken. @ https://www.youtube.com/embed/OWVaX_cBrh8?si=MAfaQS1TV1r7USUI:0
[   80975ms] [INFO] Loading the script 'https://static.doubleclick.net/instream/ad_status.js' violates the following Content Security Policy directive: "script-src 'unsafe-inline'". Note that 'script-src-elem' was not explicitly set, so 'script-src' is used as a fallback. The policy is report-only, so the violation has been logged but no further action has been taken. @ https://www.youtube.com/s/_/ytembeds/_/js/k=ytembeds.base.en_US.60gHVOycP-w.2021.O/am=AAAAgA/d=1/br=1/rs=AGKMywGVxiDxhd1zzjSDYgn5Ajtm8-QDYQ/m=root,base:727
[   80979ms] [INFO] Loading the script 'https://www.youtube.com/s/_/ytembeds/_/js/k=ytembeds.base.en_US.60gHVOycP-w.2021.O/am=AAAAgA/d=1/exm=base,root/ed=1/br=1/rs=AGKMywGVxiDxhd1zzjSDYgn5Ajtm8-QDYQ/m=r78Drb' violates the following Content Security Policy directive: "script-src 'unsafe-inline'". Note that 'script-src-elem' was not explicitly set, so 'script-src' is used as a fallback. The policy is report-only, so the violation has been logged but no further action has been taken. @ https://www.youtube.com/s/_/ytembeds/_/js/k=ytembeds.base.en_US.60gHVOycP-w.2021.O/am=AAAAgA/d=1/br=1/rs=AGKMywGVxiDxhd1zzjSDYgn5Ajtm8-QDYQ/m=root,base:153
[   81495ms] [INFO] Loading the script 'https://www.google.com/js/th/dsg6gWNjAraYwI_E1-ncR3KxLlty7EmJITzDbmdJWso.js' violates the following Content Security Policy directive: "script-src 'unsafe-inline'". Note that 'script-src-elem' was not explicitly set, so 'script-src' is used as a fallback. The policy is report-only, so the violation has been logged but no further action has been taken. @ https://www.youtube.com/s/_/ytembeds/_/js/k=ytembeds.base.en_US.60gHVOycP-w.2021.O/am=AAAAgA/d=1/br=1/rs=AGKMywGVxiDxhd1zzjSDYgn5Ajtm8-QDYQ/m=root,base:764
[   81500ms] [INFO] Evaluating a string as JavaScript violates the following Content Security Policy directive because 'unsafe-eval' is not an allowed source of script: "script-src 'unsafe-inline'".
 The policy is report-only, so the violation has been logged but no further action has been taken. @ https://www.google.com/js/th/dsg6gWNjAraYwI_E1-ncR3KxLlty7EmJITzDbmdJWso.js:1
[   81501ms] [INFO] Evaluating a string as JavaScript violates the following Content Security Policy directive because 'unsafe-eval' is not an allowed source of script: "script-src 'unsafe-inline'".
 The policy is report-only, so the violation has been logged but no further action has been taken. @ https://www.google.com/js/th/dsg6gWNjAraYwI_E1-ncR3KxLlty7EmJITzDbmdJWso.js:1
[   81519ms] [INFO] Evaluating a string as JavaScript violates the following Content Security Policy directive because 'unsafe-eval' is not an allowed source of script: "script-src 'unsafe-inline'".
 The policy is report-only, so the violation has been logged but no further action has been taken. @ :4168
[   81538ms] [INFO] Evaluating a string as JavaScript violates the following Content Security Policy directive because 'unsafe-eval' is not an allowed source of script: "script-src 'unsafe-inline'".
 The policy is report-only, so the violation has been logged but no further action has been taken. @ :4168
[   81539ms] [INFO] Evaluating a string as JavaScript violates the following Content Security Policy directive because 'unsafe-eval' is not an allowed source of script: "script-src 'unsafe-inline'".
 The policy is report-only, so the violation has been logged but no further action has been taken. @ :4168
[   81559ms] [INFO] Evaluating a string as JavaScript violates the following Content Security Policy directive because 'unsafe-eval' is not an allowed source of script: "script-src 'unsafe-inline'".
 The policy is report-only, so the violation has been logged but no further action has been taken. @ :4168
[   81589ms] [INFO] Evaluating a string as JavaScript violates the following Content Security Policy directive because 'unsafe-eval' is not an allowed source of script: "script-src 'unsafe-inline'".
 The policy is report-only, so the violation has been logged but no further action has been taken. @ :4168
[   81590ms] [INFO] Evaluating a string as JavaScript violates the following Content Security Policy directive because 'unsafe-eval' is not an allowed source of script: "script-src 'unsafe-inline'".
 The policy is report-only, so the violation has been logged but no further action has been taken. @ :4168
[   81590ms] [INFO] Evaluating a string as JavaScript violates the following Content Security Policy directive because 'unsafe-eval' is not an allowed source of script: "script-src 'unsafe-inline'".
 The policy is report-only, so the violation has been logged but no further action has been taken. @ :4168
[   81590ms] [INFO] Evaluating a string as JavaScript violates the following Content Security Policy directive because 'unsafe-eval' is not an allowed source of script: "script-src 'unsafe-inline'".
 The policy is report-only, so the violation has been logged but no further action has been taken. @ :4168
[   81590ms] [INFO] Evaluating a string as JavaScript violates the following Content Security Policy directive because 'unsafe-eval' is not an allowed source of script: "script-src 'unsafe-inline'".
 The policy is report-only, so the violation has been logged but no further action has been taken. @ :4168
[   81592ms] [INFO] Evaluating a string as JavaScript violates the following Content Security Policy directive because 'unsafe-eval' is not an allowed source of script: "script-src 'unsafe-inline'".
 The policy is report-only, so the violation has been logged but no further action has been taken. @ :4168
[   81592ms] [INFO] Evaluating a string as JavaScript violates the following Content Security Policy directive because 'unsafe-eval' is not an allowed source of script: "script-src 'unsafe-inline'".
 The policy is report-only, so the violation has been logged but no further action has been taken. @ :4168
[   81593ms] [INFO] Evaluating a string as JavaScript violates the following Content Security Policy directive because 'unsafe-eval' is not an allowed source of script: "script-src 'unsafe-inline'".
 The policy is report-only, so the violation has been logged but no further action has been taken. @ :4168
[   81593ms] [INFO] Evaluating a string as JavaScript violates the following Content Security Policy directive because 'unsafe-eval' is not an allowed source of script: "script-src 'unsafe-inline'".
 The policy is report-only, so the violation has been logged but no further action has been taken. @ :4168
[   81594ms] [INFO] Evaluating a string as JavaScript violates the following Content Security Policy directive because 'unsafe-eval' is not an allowed source of script: "script-src 'unsafe-inline'".
 The policy is report-only, so the violation has been logged but no further action has been taken. @ :4168
[   81595ms] [INFO] Evaluating a string as JavaScript violates the following Content Security Policy directive because 'unsafe-eval' is not an allowed source of script: "script-src 'unsafe-inline'".
 The policy is report-only, so the violation has been logged but no further action has been taken. @ :4168
[   81596ms] [INFO] Evaluating a string as JavaScript violates the following Content Security Policy directive because 'unsafe-eval' is not an allowed source of script: "script-src 'unsafe-inline'".
 The policy is report-only, so the violation has been logged but no further action has been taken. @ :4168
[   81597ms] [INFO] Evaluating a string as JavaScript violates the following Content Security Policy directive because 'unsafe-eval' is not an allowed source of script: "script-src 'unsafe-inline'".
 The policy is report-only, so the violation has been logged but no further action has been taken. @ :4168
[   81597ms] [INFO] Evaluating a string as JavaScript violates the following Content Security Policy directive because 'unsafe-eval' is not an allowed source of script: "script-src 'unsafe-inline'".
 The policy is report-only, so the violation has been logged but no further action has been taken. @ :4168
[   81598ms] [INFO] Evaluating a string as JavaScript violates the following Content Security Policy directive because 'unsafe-eval' is not an allowed source of script: "script-src 'unsafe-inline'".
 The policy is report-only, so the violation has been logged but no further action has been taken. @ :4168
[   81598ms] [INFO] Evaluating a string as JavaScript violates the following Content Security Policy directive because 'unsafe-eval' is not an allowed source of script: "script-src 'unsafe-inline'".
 The policy is report-only, so the violation has been logged but no further action has been taken. @ :4168
[   81599ms] [INFO] Evaluating a string as JavaScript violates the following Content Security Policy directive because 'unsafe-eval' is not an allowed source of script: "script-src 'unsafe-inline'".
 The policy is report-only, so the violation has been logged but no further action has been taken. @ :4168
[   81599ms] [INFO] Evaluating a string as JavaScript violates the following Content Security Policy directive because 'unsafe-eval' is not an allowed source of script: "script-src 'unsafe-inline'".
 The policy is report-only, so the violation has been logged but no further action has been taken. @ :4168
[   81613ms] [INFO] Evaluating a string as JavaScript violates the following Content Security Policy directive because 'unsafe-eval' is not an allowed source of script: "script-src 'unsafe-inline'".
 The policy is report-only, so the violation has been logged but no further action has been taken. @ :4168
[   81614ms] [INFO] Evaluating a string as JavaScript violates the following Content Security Policy directive because 'unsafe-eval' is not an allowed source of script: "script-src 'unsafe-inline'".
 The policy is report-only, so the violation has been logged but no further action has been taken. @ :4168
[   81615ms] [INFO] Evaluating a string as JavaScript violates the following Content Security Policy directive because 'unsafe-eval' is not an allowed source of script: "script-src 'unsafe-inline'".
 The policy is report-only, so the violation has been logged but no further action has been taken. @ :4168
[   81616ms] [INFO] Evaluating a string as JavaScript violates the following Content Security Policy directive because 'unsafe-eval' is not an allowed source of script: "script-src 'unsafe-inline'".
 The policy is report-only, so the violation has been logged but no further action has been taken. @ :4168
[   81617ms] [INFO] Evaluating a string as JavaScript violates the following Content Security Policy directive because 'unsafe-eval' is not an allowed source of script: "script-src 'unsafe-inline'".
 The policy is report-only, so the violation has been logged but no further action has been taken. @ :4168
[   81618ms] [INFO] Evaluating a string as JavaScript violates the following Content Security Policy directive because 'unsafe-eval' is not an allowed source of script: "script-src 'unsafe-inline'".
 The policy is report-only, so the violation has been logged but no further action has been taken. @ :4168
[   81618ms] [INFO] Evaluating a string as JavaScript violates the following Content Security Policy directive because 'unsafe-eval' is not an allowed source of script: "script-src 'unsafe-inline'".
 The policy is report-only, so the violation has been logged but no further action has been taken. @ :4168
[   81620ms] [INFO] Evaluating a string as JavaScript violates the following Content Security Policy directive because 'unsafe-eval' is not an allowed source of script: "script-src 'unsafe-inline'".
 The policy is report-only, so the violation has been logged but no further action has been taken. @ :4168
[   81621ms] [INFO] Evaluating a string as JavaScript violates the following Content Security Policy directive because 'unsafe-eval' is not an allowed source of script: "script-src 'unsafe-inline'".
 The policy is report-only, so the violation has been logged but no further action has been taken. @ :4168
[   81621ms] [INFO] Evaluating a string as JavaScript violates the following Content Security Policy directive because 'unsafe-eval' is not an allowed source of script: "script-src 'unsafe-inline'".
 The policy is report-only, so the violation has been logged but no further action has been taken. @ :4168
[   81622ms] [INFO] Evaluating a string as JavaScript violates the following Content Security Policy directive because 'unsafe-eval' is not an allowed source of script: "script-src 'unsafe-inline'".
 The policy is report-only, so the violation has been logged but no further action has been taken. @ :4168
[   81623ms] [INFO] Evaluating a string as JavaScript violates the following Content Security Policy directive because 'unsafe-eval' is not an allowed source of script: "script-src 'unsafe-inline'".
 The policy is report-only, so the violation has been logged but no further action has been taken. @ :4168
[   81624ms] [INFO] Evaluating a string as JavaScript violates the following Content Security Policy directive because 'unsafe-eval' is not an allowed source of script: "script-src 'unsafe-inline'".
 The policy is report-only, so the violation has been logged but no further action has been taken. @ :4168
[   81639ms] [INFO] Evaluating a string as JavaScript violates the following Content Security Policy directive because 'unsafe-eval' is not an allowed source of script: "script-src 'unsafe-inline'".
 The policy is report-only, so the violation has been logged but no further action has been taken. @ :4168
[   81640ms] [INFO] Evaluating a string as JavaScript violates the following Content Security Policy directive because 'unsafe-eval' is not an allowed source of script: "script-src 'unsafe-inline'".
 The policy is report-only, so the violation has been logged but no further action has been taken. @ :4168
[   81640ms] [INFO] Evaluating a string as JavaScript violates the following Content Security Policy directive because 'unsafe-eval' is not an allowed source of script: "script-src 'unsafe-inline'".
 The policy is report-only, so the violation has been logged but no further action has been taken. @ :4168
[   81640ms] [INFO] Evaluating a string as JavaScript violates the following Content Security Policy directive because 'unsafe-eval' is not an allowed source of script: "script-src 'unsafe-inline'".
 The policy is report-only, so the violation has been logged but no further action has been taken. @ :4168
[   81642ms] [INFO] Evaluating a string as JavaScript violates the following Content Security Policy directive because 'unsafe-eval' is not an allowed source of script: "script-src 'unsafe-inline'".
 The policy is report-only, so the violation has been logged but no further action has been taken. @ :4168
[   81642ms] [INFO] Evaluating a string as JavaScript violates the following Content Security Policy directive because 'unsafe-eval' is not an allowed source of script: "script-src 'unsafe-inline'".
 The policy is report-only, so the violation has been logged but no further action has been taken. @ :4168
[   81642ms] [INFO] Evaluating a string as JavaScript violates the following Content Security Policy directive because 'unsafe-eval' is not an allowed source of script: "script-src 'unsafe-inline'".
 The policy is report-only, so the violation has been logged but no further action has been taken. @ :4168
[   81643ms] [INFO] Evaluating a string as JavaScript violates the following Content Security Policy directive because 'unsafe-eval' is not an allowed source of script: "script-src 'unsafe-inline'".
 The policy is report-only, so the violation has been logged but no further action has been taken. @ :4168
[   81643ms] [INFO] Evaluating a string as JavaScript violates the following Content Security Policy directive because 'unsafe-eval' is not an allowed source of script: "script-src 'unsafe-inline'".
 The policy is report-only, so the violation has been logged but no further action has been taken. @ :4168
[   81644ms] [INFO] Evaluating a string as JavaScript violates the following Content Security Policy directive because 'unsafe-eval' is not an allowed source of script: "script-src 'unsafe-inline'".
 The policy is report-only, so the violation has been logged but no further action has been taken. @ :4168
[   81644ms] [INFO] Evaluating a string as JavaScript violates the following Content Security Policy directive because 'unsafe-eval' is not an allowed source of script: "script-src 'unsafe-inline'".
 The policy is report-only, so the violation has been logged but no further action has been taken. @ :4168
[   81645ms] [INFO] Evaluating a string as JavaScript violates the following Content Security Policy directive because 'unsafe-eval' is not an allowed source of script: "script-src 'unsafe-inline'".
 The policy is report-only, so the violation has been logged but no further action has been taken. @ :4168
[   81645ms] [INFO] Evaluating a string as JavaScript violates the following Content Security Policy directive because 'unsafe-eval' is not an allowed source of script: "script-src 'unsafe-inline'".
 The policy is report-only, so the violation has been logged but no further action has been taken. @ :4168
[   81646ms] [INFO] Evaluating a string as JavaScript violates the following Content Security Policy directive because 'unsafe-eval' is not an allowed source of script: "script-src 'unsafe-inline'".
 The policy is report-only, so the violation has been logged but no further action has been taken. @ :4168
[   81646ms] [INFO] Evaluating a string as JavaScript violates the following Content Security Policy directive because 'unsafe-eval' is not an allowed source of script: "script-src 'unsafe-inline'".
 The policy is report-only, so the violation has been logged but no further action has been taken. @ :4168
[   81647ms] [INFO] Evaluating a string as JavaScript violates the following Content Security Policy directive because 'unsafe-eval' is not an allowed source of script: "script-src 'unsafe-inline'".
 The policy is report-only, so the violation has been logged but no further action has been taken. @ :4168
[   81647ms] [INFO] Evaluating a string as JavaScript violates the following Content Security Policy directive because 'unsafe-eval' is not an allowed source of script: "script-src 'unsafe-inline'".
 The policy is report-only, so the violation has been logged but no further action has been taken. @ :4168
[   81648ms] [INFO] Evaluating a string as JavaScript violates the following Content Security Policy directive because 'unsafe-eval' is not an allowed source of script: "script-src 'unsafe-inline'".
 The policy is report-only, so the violation has been logged but no further action has been taken. @ :4168
[   81648ms] [INFO] Evaluating a string as JavaScript violates the following Content Security Policy directive because 'unsafe-eval' is not an allowed source of script: "script-src 'unsafe-inline'".
 The policy is report-only, so the violation has been logged but no further action has been taken. @ :4168
[   81663ms] [INFO] Evaluating a string as JavaScript violates the following Content Security Policy directive because 'unsafe-eval' is not an allowed source of script: "script-src 'unsafe-inline'".
 The policy is report-only, so the violation has been logged but no further action has been taken. @ :4168
[   81665ms] [INFO] Evaluating a string as JavaScript violates the following Content Security Policy directive because 'unsafe-eval' is not an allowed source of script: "script-src 'unsafe-inline'".
 The policy is report-only, so the violation has been logged but no further action has been taken. @ :4168
[   81665ms] [INFO] Evaluating a string as JavaScript violates the following Content Security Policy directive because 'unsafe-eval' is not an allowed source of script: "script-src 'unsafe-inline'".
 The policy is report-only, so the violation has been logged but no further action has been taken. @ :4168
[   81666ms] [INFO] Evaluating a string as JavaScript violates the following Content Security Policy directive because 'unsafe-eval' is not an allowed source of script: "script-src 'unsafe-inline'".
 The policy is report-only, so the violation has been logged but no further action has been taken. @ :0
[   81668ms] [INFO] Evaluating a string as JavaScript violates the following Content Security Policy directive because 'unsafe-eval' is not an allowed source of script: "script-src 'unsafe-inline'".
 The policy is report-only, so the violation has been logged but no further action has been taken. @ :4168
[   81668ms] [INFO] Evaluating a string as JavaScript violates the following Content Security Policy directive because 'unsafe-eval' is not an allowed source of script: "script-src 'unsafe-inline'".
 The policy is report-only, so the violation has been logged but no further action has been taken. @ :0
[   81669ms] [INFO] Evaluating a string as JavaScript violates the following Content Security Policy directive because 'unsafe-eval' is not an allowed source of script: "script-src 'unsafe-inline'".
 The policy is report-only, so the violation has been logged but no further action has been taken. @ :4168
[   81670ms] [INFO] Evaluating a string as JavaScript violates the following Content Security Policy directive because 'unsafe-eval' is not an allowed source of script: "script-src 'unsafe-inline'".
 The policy is report-only, so the violation has been logged but no further action has been taken. @ :4168
[   81670ms] [INFO] Evaluating a string as JavaScript violates the following Content Security Policy directive because 'unsafe-eval' is not an allowed source of script: "script-src 'unsafe-inline'".
 The policy is report-only, so the violation has been logged but no further action has been taken. @ :0
[   81671ms] [INFO] Evaluating a string as JavaScript violates the following Content Security Policy directive because 'unsafe-eval' is not an allowed source of script: "script-src 'unsafe-inline'".
 The policy is report-only, so the violation has been logged but no further action has been taken. @ :4168
[   81671ms] [INFO] Evaluating a string as JavaScript violates the following Content Security Policy directive because 'unsafe-eval' is not an allowed source of script: "script-src 'unsafe-inline'".
 The policy is report-only, so the violation has been logged but no further action has been taken. @ :0
[   81671ms] [INFO] Evaluating a string as JavaScript violates the following Content Security Policy directive because 'unsafe-eval' is not an allowed source of script: "script-src 'unsafe-inline'".
 The policy is report-only, so the violation has been logged but no further action has been taken. @ :4168
[   81672ms] [INFO] Evaluating a string as JavaScript violates the following Content Security Policy directive because 'unsafe-eval' is not an allowed source of script: "script-src 'unsafe-inline'".
 The policy is report-only, so the violation has been logged but no further action has been taken. @ :0
[   81672ms] [INFO] Evaluating a string as JavaScript violates the following Content Security Policy directive because 'unsafe-eval' is not an allowed source of script: "script-src 'unsafe-inline'".
 The policy is report-only, so the violation has been logged but no further action has been taken. @ :0
[   81672ms] [INFO] Evaluating a string as JavaScript violates the following Content Security Policy directive because 'unsafe-eval' is not an allowed source of script: "script-src 'unsafe-inline'".
 The policy is report-only, so the violation has been logged but no further action has been taken. @ :0
[   81688ms] [INFO] Evaluating a string as JavaScript violates the following Content Security Policy directive because 'unsafe-eval' is not an allowed source of script: "script-src 'unsafe-inline'".
 The policy is report-only, so the violation has been logged but no further action has been taken. @ :0
[   81688ms] [INFO] Evaluating a string as JavaScript violates the following Content Security Policy directive because 'unsafe-eval' is not an allowed source of script: "script-src 'unsafe-inline'".
 The policy is report-only, so the violation has been logged but no further action has been taken. @ :0
[   81688ms] [INFO] Evaluating a string as JavaScript violates the following Content Security Policy directive because 'unsafe-eval' is not an allowed source of script: "script-src 'unsafe-inline'".
 The policy is report-only, so the violation has been logged but no further action has been taken. @ :0
[   81688ms] [INFO] Evaluating a string as JavaScript violates the following Content Security Policy directive because 'unsafe-eval' is not an allowed source of script: "script-src 'unsafe-inline'".
 The policy is report-only, so the violation has been logged but no further action has been taken. @ :0
[   81688ms] [INFO] Evaluating a string as JavaScript violates the following Content Security Policy directive because 'unsafe-eval' is not an allowed source of script: "script-src 'unsafe-inline'".
 The policy is report-only, so the violation has been logged but no further action has been taken. @ :0
[   81689ms] [INFO] Evaluating a string as JavaScript violates the following Content Security Policy directive because 'unsafe-eval' is not an allowed source of script: "script-src 'unsafe-inline'".
 The policy is report-only, so the violation has been logged but no further action has been taken. @ :0
[   81690ms] [INFO] Evaluating a string as JavaScript violates the following Content Security Policy directive because 'unsafe-eval' is not an allowed source of script: "script-src 'unsafe-inline'".
 The policy is report-only, so the violation has been logged but no further action has been taken. @ :0
[   81717ms] [INFO] Evaluating a string as JavaScript violates the following Content Security Policy directive because 'unsafe-eval' is not an allowed source of script: "script-src 'unsafe-inline'".
 The policy is report-only, so the violation has been logged but no further action has been taken. @ :0
[   81718ms] [INFO] Evaluating a string as JavaScript violates the following Content Security Policy directive because 'unsafe-eval' is not an allowed source of script: "script-src 'unsafe-inline'".
 The policy is report-only, so the violation has been logged but no further action has been taken. @ :0
[   81719ms] [INFO] Evaluating a string as JavaScript violates the following Content Security Policy directive because 'unsafe-eval' is not an allowed source of script: "script-src 'unsafe-inline'".
 The policy is report-only, so the violation has been logged but no further action has been taken. @ :0
[   81719ms] [INFO] Evaluating a string as JavaScript violates the following Content Security Policy directive because 'unsafe-eval' is not an allowed source of script: "script-src 'unsafe-inline'".
 The policy is report-only, so the violation has been logged but no further action has been taken. @ :0
[   81719ms] [INFO] Evaluating a string as JavaScript violates the following Content Security Policy directive because 'unsafe-eval' is not an allowed source of script: "script-src 'unsafe-inline'".
 The policy is report-only, so the violation has been logged but no further action has been taken. @ :0
[   81719ms] [INFO] Evaluating a string as JavaScript violates the following Content Security Policy directive because 'unsafe-eval' is not an allowed source of script: "script-src 'unsafe-inline'".
 The policy is report-only, so the violation has been logged but no further action has been taken. @ :0
[   81719ms] [INFO] Evaluating a string as JavaScript violates the following Content Security Policy directive because 'unsafe-eval' is not an allowed source of script: "script-src 'unsafe-inline'".
 The policy is report-only, so the violation has been logged but no further action has been taken. @ :0
[   81719ms] [INFO] Evaluating a string as JavaScript violates the following Content Security Policy directive because 'unsafe-eval' is not an allowed source of script: "script-src 'unsafe-inline'".
 The policy is report-only, so the violation has been logged but no further action has been taken. @ :0
[   81719ms] [INFO] Evaluating a string as JavaScript violates the following Content Security Policy directive because 'unsafe-eval' is not an allowed source of script: "script-src 'unsafe-inline'".
 The policy is report-only, so the violation has been logged but no further action has been taken. @ :0
[   81720ms] [INFO] Evaluating a string as JavaScript violates the following Content Security Policy directive because 'unsafe-eval' is not an allowed source of script: "script-src 'unsafe-inline'".
 The policy is report-only, so the violation has been logged but no further action has been taken. @ :0
[   81720ms] [INFO] Evaluating a string as JavaScript violates the following Content Security Policy directive because 'unsafe-eval' is not an allowed source of script: "script-src 'unsafe-inline'".
 The policy is report-only, so the violation has been logged but no further action has been taken. @ :0
[   81721ms] [INFO] Evaluating a string as JavaScript violates the following Content Security Policy directive because 'unsafe-eval' is not an allowed source of script: "script-src 'unsafe-inline'".
 The policy is report-only, so the violation has been logged but no further action has been taken. @ :0
[   81721ms] [INFO] Evaluating a string as JavaScript violates the following Content Security Policy directive because 'unsafe-eval' is not an allowed source of script: "script-src 'unsafe-inline'".
 The policy is report-only, so the violation has been logged but no further action has been taken. @ :0
[   81721ms] [INFO] Evaluating a string as JavaScript violates the following Content Security Policy directive because 'unsafe-eval' is not an allowed source of script: "script-src 'unsafe-inline'".
 The policy is report-only, so the violation has been logged but no further action has been taken. @ :0
[   81721ms] [INFO] Evaluating a string as JavaScript violates the following Content Security Policy directive because 'unsafe-eval' is not an allowed source of script: "script-src 'unsafe-inline'".
 The policy is report-only, so the violation has been logged but no further action has been taken. @ :0
[   81721ms] [INFO] Evaluating a string as JavaScript violates the following Content Security Policy directive because 'unsafe-eval' is not an allowed source of script: "script-src 'unsafe-inline'".
 The policy is report-only, so the violation has been logged but no further action has been taken. @ :0
[   81721ms] [INFO] Evaluating a string as JavaScript violates the following Content Security Policy directive because 'unsafe-eval' is not an allowed source of script: "script-src 'unsafe-inline'".
 The policy is report-only, so the violation has been logged but no further action has been taken. @ :0
[   81722ms] [INFO] Evaluating a string as JavaScript violates the following Content Security Policy directive because 'unsafe-eval' is not an allowed source of script: "script-src 'unsafe-inline'".
 The policy is report-only, so the violation has been logged but no further action has been taken. @ :0
[   81722ms] [INFO] Evaluating a string as JavaScript violates the following Content Security Policy directive because 'unsafe-eval' is not an allowed source of script: "script-src 'unsafe-inline'".
 The policy is report-only, so the violation has been logged but no further action has been taken. @ :0
[   81722ms] [INFO] Evaluating a string as JavaScript violates the following Content Security Policy directive because 'unsafe-eval' is not an allowed source of script: "script-src 'unsafe-inline'".
 The policy is report-only, so the violation has been logged but no further action has been taken. @ :0
[   81722ms] [INFO] Evaluating a string as JavaScript violates the following Content Security Policy directive because 'unsafe-eval' is not an allowed source of script: "script-src 'unsafe-inline'".
 The policy is report-only, so the violation has been logged but no further action has been taken. @ :0
[   81722ms] [INFO] Evaluating a string as JavaScript violates the following Content Security Policy directive because 'unsafe-eval' is not an allowed source of script: "script-src 'unsafe-inline'".
 The policy is report-only, so the violation has been logged but no further action has been taken. @ :0
[   81722ms] [INFO] Evaluating a string as JavaScript violates the following Content Security Policy directive because 'unsafe-eval' is not an allowed source of script: "script-src 'unsafe-inline'".
 The policy is report-only, so the violation has been logged but no further action has been taken. @ :0
[   81723ms] [INFO] Evaluating a string as JavaScript violates the following Content Security Policy directive because 'unsafe-eval' is not an allowed source of script: "script-src 'unsafe-inline'".
 The policy is report-only, so the violation has been logged but no further action has been taken. @ :0
[   81723ms] [INFO] Evaluating a string as JavaScript violates the following Content Security Policy directive because 'unsafe-eval' is not an allowed source of script: "script-src 'unsafe-inline'".
 The policy is report-only, so the violation has been logged but no further action has been taken. @ :0
[   81723ms] [INFO] Evaluating a string as JavaScript violates the following Content Security Policy directive because 'unsafe-eval' is not an allowed source of script: "script-src 'unsafe-inline'".
 The policy is report-only, so the violation has been logged but no further action has been taken. @ :0
[   81723ms] [INFO] Evaluating a string as JavaScript violates the following Content Security Policy directive because 'unsafe-eval' is not an allowed source of script: "script-src 'unsafe-inline'".
 The policy is report-only, so the violation has been logged but no further action has been taken. @ :0
[   81723ms] [INFO] Evaluating a string as JavaScript violates the following Content Security Policy directive because 'unsafe-eval' is not an allowed source of script: "script-src 'unsafe-inline'".
 The policy is report-only, so the violation has been logged but no further action has been taken. @ :0
[   81723ms] [INFO] Evaluating a string as JavaScript violates the following Content Security Policy directive because 'unsafe-eval' is not an allowed source of script: "script-src 'unsafe-inline'".
 The policy is report-only, so the violation has been logged but no further action has been taken. @ :0
[   81723ms] [INFO] Evaluating a string as JavaScript violates the following Content Security Policy directive because 'unsafe-eval' is not an allowed source of script: "script-src 'unsafe-inline'".
 The policy is report-only, so the violation has been logged but no further action has been taken. @ :0
[   81723ms] [INFO] Evaluating a string as JavaScript violates the following Content Security Policy directive because 'unsafe-eval' is not an allowed source of script: "script-src 'unsafe-inline'".
 The policy is report-only, so the violation has been logged but no further action has been taken. @ :0
[   81723ms] [INFO] Evaluating a string as JavaScript violates the following Content Security Policy directive because 'unsafe-eval' is not an allowed source of script: "script-src 'unsafe-inline'".
 The policy is report-only, so the violation has been logged but no further action has been taken. @ :0
[   81723ms] [INFO] Evaluating a string as JavaScript violates the following Content Security Policy directive because 'unsafe-eval' is not an allowed source of script: "script-src 'unsafe-inline'".
 The policy is report-only, so the violation has been logged but no further action has been taken. @ :0
[   81723ms] [INFO] Evaluating a string as JavaScript violates the following Content Security Policy directive because 'unsafe-eval' is not an allowed source of script: "script-src 'unsafe-inline'".
 The policy is report-only, so the violation has been logged but no further action has been taken. @ :0
[   81723ms] [INFO] Evaluating a string as JavaScript violates the following Content Security Policy directive because 'unsafe-eval' is not an allowed source of script: "script-src 'unsafe-inline'".
 The policy is report-only, so the violation has been logged but no further action has been taken. @ :0
[   81723ms] [INFO] Evaluating a string as JavaScript violates the following Content Security Policy directive because 'unsafe-eval' is not an allowed source of script: "script-src 'unsafe-inline'".
 The policy is report-only, so the violation has been logged but no further action has been taken. @ :0
[   81724ms] [INFO] Evaluating a string as JavaScript violates the following Content Security Policy directive because 'unsafe-eval' is not an allowed source of script: "script-src 'unsafe-inline'".
 The policy is report-only, so the violation has been logged but no further action has been taken. @ :0
[   81724ms] [INFO] Evaluating a string as JavaScript violates the following Content Security Policy directive because 'unsafe-eval' is not an allowed source of script: "script-src 'unsafe-inline'".
 The policy is report-only, so the violation has been logged but no further action has been taken. @ :0
[   81724ms] [INFO] Evaluating a string as JavaScript violates the following Content Security Policy directive because 'unsafe-eval' is not an allowed source of script: "script-src 'unsafe-inline'".
 The policy is report-only, so the violation has been logged but no further action has been taken. @ :0
[   81724ms] [INFO] Evaluating a string as JavaScript violates the following Content Security Policy directive because 'unsafe-eval' is not an allowed source of script: "script-src 'unsafe-inline'".
 The policy is report-only, so the violation has been logged but no further action has been taken. @ :0
[   81724ms] [INFO] Evaluating a string as JavaScript violates the following Content Security Policy directive because 'unsafe-eval' is not an allowed source of script: "script-src 'unsafe-inline'".
 The policy is report-only, so the violation has been logged but no further action has been taken. @ :0
[   81724ms] [INFO] Evaluating a string as JavaScript violates the following Content Security Policy directive because 'unsafe-eval' is not an allowed source of script: "script-src 'unsafe-inline'".
 The policy is report-only, so the violation has been logged but no further action has been taken. @ :0
[   81724ms] [INFO] Evaluating a string as JavaScript violates the following Content Security Policy directive because 'unsafe-eval' is not an allowed source of script: "script-src 'unsafe-inline'".
 The policy is report-only, so the violation has been logged but no further action has been taken. @ :0
[   81724ms] [INFO] Evaluating a string as JavaScript violates the following Content Security Policy directive because 'unsafe-eval' is not an allowed source of script: "script-src 'unsafe-inline'".
 The policy is report-only, so the violation has been logged but no further action has been taken. @ :0
[   81724ms] [INFO] Evaluating a string as JavaScript violates the following Content Security Policy directive because 'unsafe-eval' is not an allowed source of script: "script-src 'unsafe-inline'".
 The policy is report-only, so the violation has been logged but no further action has been taken. @ :0
[   81724ms] [INFO] Evaluating a string as JavaScript violates the following Content Security Policy directive because 'unsafe-eval' is not an allowed source of script: "script-src 'unsafe-inline'".
 The policy is report-only, so the violation has been logged but no further action has been taken. @ :0
[   81724ms] [INFO] Evaluating a string as JavaScript violates the following Content Security Policy directive because 'unsafe-eval' is not an allowed source of script: "script-src 'unsafe-inline'".
 The policy is report-only, so the violation has been logged but no further action has been taken. @ :0
[   81724ms] [INFO] Evaluating a string as JavaScript violates the following Content Security Policy directive because 'unsafe-eval' is not an allowed source of script: "script-src 'unsafe-inline'".
 The policy is report-only, so the violation has been logged but no further action has been taken. @ :0
[   81724ms] [INFO] Evaluating a string as JavaScript violates the following Content Security Policy directive because 'unsafe-eval' is not an allowed source of script: "script-src 'unsafe-inline'".
 The policy is report-only, so the violation has been logged but no further action has been taken. @ :0
[   81725ms] [INFO] Evaluating a string as JavaScript violates the following Content Security Policy directive because 'unsafe-eval' is not an allowed source of script: "script-src 'unsafe-inline'".
 The policy is report-only, so the violation has been logged but no further action has been taken. @ :0
[   81725ms] [INFO] Evaluating a string as JavaScript violates the following Content Security Policy directive because 'unsafe-eval' is not an allowed source of script: "script-src 'unsafe-inline'".
 The policy is report-only, so the violation has been logged but no further action has been taken. @ :0
[   81725ms] [INFO] Evaluating a string as JavaScript violates the following Content Security Policy directive because 'unsafe-eval' is not an allowed source of script: "script-src 'unsafe-inline'".
 The policy is report-only, so the violation has been logged but no further action has been taken. @ :0
[   81725ms] [INFO] Evaluating a string as JavaScript violates the following Content Security Policy directive because 'unsafe-eval' is not an allowed source of script: "script-src 'unsafe-inline'".
 The policy is report-only, so the violation has been logged but no further action has been taken. @ :0
[   81725ms] [INFO] Evaluating a string as JavaScript violates the following Content Security Policy directive because 'unsafe-eval' is not an allowed source of script: "script-src 'unsafe-inline'".
 The policy is report-only, so the violation has been logged but no further action has been taken. @ :0
[   81725ms] [INFO] Evaluating a string as JavaScript violates the following Content Security Policy directive because 'unsafe-eval' is not an allowed source of script: "script-src 'unsafe-inline'".
 The policy is report-only, so the violation has been logged but no further action has been taken. @ :0
[   81725ms] [INFO] Evaluating a string as JavaScript violates the following Content Security Policy directive because 'unsafe-eval' is not an allowed source of script: "script-src 'unsafe-inline'".
 The policy is report-only, so the violation has been logged but no further action has been taken. @ :0
[   81725ms] [INFO] Evaluating a string as JavaScript violates the following Content Security Policy directive because 'unsafe-eval' is not an allowed source of script: "script-src 'unsafe-inline'".
 The policy is report-only, so the violation has been logged but no further action has been taken. @ :0
[   81725ms] [INFO] Evaluating a string as JavaScript violates the following Content Security Policy directive because 'unsafe-eval' is not an allowed source of script: "script-src 'unsafe-inline'".
 The policy is report-only, so the violation has been logged but no further action has been taken. @ :0
[   81725ms] [INFO] Evaluating a string as JavaScript violates the following Content Security Policy directive because 'unsafe-eval' is not an allowed source of script: "script-src 'unsafe-inline'".
 The policy is report-only, so the violation has been logged but no further action has been taken. @ :0
[   81739ms] [INFO] Evaluating a string as JavaScript violates the following Content Security Policy directive because 'unsafe-eval' is not an allowed source of script: "script-src 'unsafe-inline'".
 The policy is report-only, so the violation has been logged but no further action has been taken. @ :0
[   81740ms] [INFO] Evaluating a string as JavaScript violates the following Content Security Policy directive because 'unsafe-eval' is not an allowed source of script: "script-src 'unsafe-inline'".
 The policy is report-only, so the violation has been logged but no further action has been taken. @ :0
[   81740ms] [INFO] Evaluating a string as JavaScript violates the following Content Security Policy directive because 'unsafe-eval' is not an allowed source of script: "script-src 'unsafe-inline'".
 The policy is report-only, so the violation has been logged but no further action has been taken. @ :0
[   81741ms] [INFO] Evaluating a string as JavaScript violates the following Content Security Policy directive because 'unsafe-eval' is not an allowed source of script: "script-src 'unsafe-inline'".
 The policy is report-only, so the violation has been logged but no further action has been taken. @ :0
[   81741ms] [INFO] Evaluating a string as JavaScript violates the following Content Security Policy directive because 'unsafe-eval' is not an allowed source of script: "script-src 'unsafe-inline'".
 The policy is report-only, so the violation has been logged but no further action has been taken. @ :0
[   81759ms] [INFO] Evaluating a string as JavaScript violates the following Content Security Policy directive because 'unsafe-eval' is not an allowed source of script: "script-src 'unsafe-inline'".
 The policy is report-only, so the violation has been logged but no further action has been taken. @ :0
[   81759ms] [INFO] Evaluating a string as JavaScript violates the following Content Security Policy directive because 'unsafe-eval' is not an allowed source of script: "script-src 'unsafe-inline'".
 The policy is report-only, so the violation has been logged but no further action has been taken. @ :0
[   81762ms] [INFO] Evaluating a string as JavaScript violates the following Content Security Policy directive because 'unsafe-eval' is not an allowed source of script: "script-src 'unsafe-inline'".
 The policy is report-only, so the violation has been logged but no further action has been taken. @ :0
[   81762ms] [INFO] Evaluating a string as JavaScript violates the following Content Security Policy directive because 'unsafe-eval' is not an allowed source of script: "script-src 'unsafe-inline'".
 The policy is report-only, so the violation has been logged but no further action has been taken. @ :0
[   81763ms] [INFO] Evaluating a string as JavaScript violates the following Content Security Policy directive because 'unsafe-eval' is not an allowed source of script: "script-src 'unsafe-inline'".
 The policy is report-only, so the violation has been logged but no further action has been taken. @ :0
[   81763ms] [INFO] Evaluating a string as JavaScript violates the following Content Security Policy directive because 'unsafe-eval' is not an allowed source of script: "script-src 'unsafe-inline'".
 The policy is report-only, so the violation has been logged but no further action has been taken. @ :0
[   81764ms] [INFO] Evaluating a string as JavaScript violates the following Content Security Policy directive because 'unsafe-eval' is not an allowed source of script: "script-src 'unsafe-inline'".
 The policy is report-only, so the violation has been logged but no further action has been taken. @ :0
[   81764ms] [INFO] Evaluating a string as JavaScript violates the following Content Security Policy directive because 'unsafe-eval' is not an allowed source of script: "script-src 'unsafe-inline'".
 The policy is report-only, so the violation has been logged but no further action has been taken. @ :0
[   81765ms] [INFO] Evaluating a string as JavaScript violates the following Content Security Policy directive because 'unsafe-eval' is not an allowed source of script: "script-src 'unsafe-inline'".
 The policy is report-only, so the violation has been logged but no further action has been taken. @ :0
[   81765ms] [INFO] Evaluating a string as JavaScript violates the following Content Security Policy directive because 'unsafe-eval' is not an allowed source of script: "script-src 'unsafe-inline'".
 The policy is report-only, so the violation has been logged but no further action has been taken. @ :0
[   81766ms] [INFO] Evaluating a string as JavaScript violates the following Content Security Policy directive because 'unsafe-eval' is not an allowed source of script: "script-src 'unsafe-inline'".
 The policy is report-only, so the violation has been logged but no further action has been taken. @ :0
[   81766ms] [INFO] Evaluating a string as JavaScript violates the following Content Security Policy directive because 'unsafe-eval' is not an allowed source of script: "script-src 'unsafe-inline'".
 The policy is report-only, so the violation has been logged but no further action has been taken. @ :0
[   81766ms] [INFO] Evaluating a string as JavaScript violates the following Content Security Policy directive because 'unsafe-eval' is not an allowed source of script: "script-src 'unsafe-inline'".
 The policy is report-only, so the violation has been logged but no further action has been taken. @ :0
[   81766ms] [INFO] Evaluating a string as JavaScript violates the following Content Security Policy directive because 'unsafe-eval' is not an allowed source of script: "script-src 'unsafe-inline'".
 The policy is report-only, so the violation has been logged but no further action has been taken. @ :0
[   81767ms] [INFO] Evaluating a string as JavaScript violates the following Content Security Policy directive because 'unsafe-eval' is not an allowed source of script: "script-src 'unsafe-inline'".
 The policy is report-only, so the violation has been logged but no further action has been taken. @ :0
[   81767ms] [INFO] Evaluating a string as JavaScript violates the following Content Security Policy directive because 'unsafe-eval' is not an allowed source of script: "script-src 'unsafe-inline'".
 The policy is report-only, so the violation has been logged but no further action has been taken. @ :0
[   81767ms] [INFO] Evaluating a string as JavaScript violates the following Content Security Policy directive because 'unsafe-eval' is not an allowed source of script: "script-src 'unsafe-inline'".
 The policy is report-only, so the violation has been logged but no further action has been taken. @ :0
[   81767ms] [INFO] Evaluating a string as JavaScript violates the following Content Security Policy directive because 'unsafe-eval' is not an allowed source of script: "script-src 'unsafe-inline'".
 The policy is report-only, so the violation has been logged but no further action has been taken. @ :0
[   81768ms] [INFO] Evaluating a string as JavaScript violates the following Content Security Policy directive because 'unsafe-eval' is not an allowed source of script: "script-src 'unsafe-inline'".
 The policy is report-only, so the violation has been logged but no further action has been taken. @ :0
[   81768ms] [INFO] Evaluating a string as JavaScript violates the following Content Security Policy directive because 'unsafe-eval' is not an allowed source of script: "script-src 'unsafe-inline'".
 The policy is report-only, so the violation has been logged but no further action has been taken. @ :0
[   81768ms] [INFO] Evaluating a string as JavaScript violates the following Content Security Policy directive because 'unsafe-eval' is not an allowed source of script: "script-src 'unsafe-inline'".
 The policy is report-only, so the violation has been logged but no further action has been taken. @ :0
[   81768ms] [INFO] Evaluating a string as JavaScript violates the following Content Security Policy directive because 'unsafe-eval' is not an allowed source of script: "script-src 'unsafe-inline'".
 The policy is report-only, so the violation has been logged but no further action has been taken. @ :0
[   81768ms] [INFO] Evaluating a string as JavaScript violates the following Content Security Policy directive because 'unsafe-eval' is not an allowed source of script: "script-src 'unsafe-inline'".
 The policy is report-only, so the violation has been logged but no further action has been taken. @ :0
[   81768ms] [INFO] Evaluating a string as JavaScript violates the following Content Security Policy directive because 'unsafe-eval' is not an allowed source of script: "script-src 'unsafe-inline'".
 The policy is report-only, so the violation has been logged but no further action has been taken. @ :0
[   81769ms] [INFO] Evaluating a string as JavaScript violates the following Content Security Policy directive because 'unsafe-eval' is not an allowed source of script: "script-src 'unsafe-inline'".
 The policy is report-only, so the violation has been logged but no further action has been taken. @ :0
[   81769ms] [INFO] Evaluating a string as JavaScript violates the following Content Security Policy directive because 'unsafe-eval' is not an allowed source of script: "script-src 'unsafe-inline'".
 The policy is report-only, so the violation has been logged but no further action has been taken. @ :0
[   81788ms] [INFO] Evaluating a string as JavaScript violates the following Content Security Policy directive because 'unsafe-eval' is not an allowed source of script: "script-src 'unsafe-inline'".
 The policy is report-only, so the violation has been logged but no further action has been taken. @ :0
[   81788ms] [INFO] Evaluating a string as JavaScript violates the following Content Security Policy directive because 'unsafe-eval' is not an allowed source of script: "script-src 'unsafe-inline'".
 The policy is report-only, so the violation has been logged but no further action has been taken. @ :0
[   81789ms] [INFO] Evaluating a string as JavaScript violates the following Content Security Policy directive because 'unsafe-eval' is not an allowed source of script: "script-src 'unsafe-inline'".
 The policy is report-only, so the violation has been logged but no further action has been taken. @ :0
[   81789ms] [INFO] Evaluating a string as JavaScript violates the following Content Security Policy directive because 'unsafe-eval' is not an allowed source of script: "script-src 'unsafe-inline'".
 The policy is report-only, so the violation has been logged but no further action has been taken. @ :0
[   81789ms] [INFO] Evaluating a string as JavaScript violates the following Content Security Policy directive because 'unsafe-eval' is not an allowed source of script: "script-src 'unsafe-inline'".
 The policy is report-only, so the violation has been logged but no further action has been taken. @ :0
[   81789ms] [INFO] Evaluating a string as JavaScript violates the following Content Security Policy directive because 'unsafe-eval' is not an allowed source of script: "script-src 'unsafe-inline'".
 The policy is report-only, so the violation has been logged but no further action has been taken. @ :0
[   81789ms] [INFO] Evaluating a string as JavaScript violates the following Content Security Policy directive because 'unsafe-eval' is not an allowed source of script: "script-src 'unsafe-inline'".
 The policy is report-only, so the violation has been logged but no further action has been taken. @ :0
[   81789ms] [INFO] Evaluating a string as JavaScript violates the following Content Security Policy directive because 'unsafe-eval' is not an allowed source of script: "script-src 'unsafe-inline'".
 The policy is report-only, so the violation has been logged but no further action has been taken. @ :0
[   81790ms] [INFO] Evaluating a string as JavaScript violates the following Content Security Policy directive because 'unsafe-eval' is not an allowed source of script: "script-src 'unsafe-inline'".
 The policy is report-only, so the violation has been logged but no further action has been taken. @ :0
[   81791ms] [INFO] Evaluating a string as JavaScript violates the following Content Security Policy directive because 'unsafe-eval' is not an allowed source of script: "script-src 'unsafe-inline'".
 The policy is report-only, so the violation has been logged but no further action has been taken. @ :0
[   81792ms] [INFO] Evaluating a string as JavaScript violates the following Content Security Policy directive because 'unsafe-eval' is not an allowed source of script: "script-src 'unsafe-inline'".
 The policy is report-only, so the violation has been logged but no further action has been taken. @ :0
[   81793ms] [INFO] Evaluating a string as JavaScript violates the following Content Security Policy directive because 'unsafe-eval' is not an allowed source of script: "script-src 'unsafe-inline'".
 The policy is report-only, so the violation has been logged but no further action has been taken. @ :0
[   81794ms] [INFO] Evaluating a string as JavaScript violates the following Content Security Policy directive because 'unsafe-eval' is not an allowed source of script: "script-src 'unsafe-inline'".
 The policy is report-only, so the violation has been logged but no further action has been taken. @ :0
[   81794ms] [INFO] Evaluating a string as JavaScript violates the following Content Security Policy directive because 'unsafe-eval' is not an allowed source of script: "script-src 'unsafe-inline'".
 The policy is report-only, so the violation has been logged but no further action has been taken. @ :0
[   81796ms] [INFO] Evaluating a string as JavaScript violates the following Content Security Policy directive because 'unsafe-eval' is not an allowed source of script: "script-src 'unsafe-inline'".
 The policy is report-only, so the violation has been logged but no further action has been taken. @ :0
[   81796ms] [INFO] Evaluating a string as JavaScript violates the following Content Security Policy directive because 'unsafe-eval' is not an allowed source of script: "script-src 'unsafe-inline'".
 The policy is report-only, so the violation has been logged but no further action has been taken. @ :0
[   81800ms] [INFO] Evaluating a string as JavaScript violates the following Content Security Policy directive because 'unsafe-eval' is not an allowed source of script: "script-src 'unsafe-inline'".
 The policy is report-only, so the violation has been logged but no further action has been taken. @ :0
[   81801ms] [INFO] Evaluating a string as JavaScript violates the following Content Security Policy directive because 'unsafe-eval' is not an allowed source of script: "script-src 'unsafe-inline'".
 The policy is report-only, so the violation has been logged but no further action has been taken. @ :0
[   81802ms] [INFO] Evaluating a string as JavaScript violates the following Content Security Policy directive because 'unsafe-eval' is not an allowed source of script: "script-src 'unsafe-inline'".
 The policy is report-only, so the violation has been logged but no further action has been taken. @ :0
[   81802ms] [INFO] Evaluating a string as JavaScript violates the following Content Security Policy directive because 'unsafe-eval' is not an allowed source of script: "script-src 'unsafe-inline'".
 The policy is report-only, so the violation has been logged but no further action has been taken. @ :0
[   81804ms] [INFO] Evaluating a string as JavaScript violates the following Content Security Policy directive because 'unsafe-eval' is not an allowed source of script: "script-src 'unsafe-inline'".
 The policy is report-only, so the violation has been logged but no further action has been taken. @ :0
[   81804ms] [INFO] Evaluating a string as JavaScript violates the following Content Security Policy directive because 'unsafe-eval' is not an allowed source of script: "script-src 'unsafe-inline'".
 The policy is report-only, so the violation has been logged but no further action has been taken. @ :0
[   81804ms] [INFO] Evaluating a string as JavaScript violates the following Content Security Policy directive because 'unsafe-eval' is not an allowed source of script: "script-src 'unsafe-inline'".
 The policy is report-only, so the violation has been logged but no further action has been taken. @ :0
[   81804ms] [INFO] Evaluating a string as JavaScript violates the following Content Security Policy directive because 'unsafe-eval' is not an allowed source of script: "script-src 'unsafe-inline'".
 The policy is report-only, so the violation has been logged but no further action has been taken. @ :0
[   81805ms] [INFO] Evaluating a string as JavaScript violates the following Content Security Policy directive because 'unsafe-eval' is not an allowed source of script: "script-src 'unsafe-inline'".
 The policy is report-only, so the violation has been logged but no further action has been taken. @ :0
[   81805ms] [INFO] Evaluating a string as JavaScript violates the following Content Security Policy directive because 'unsafe-eval' is not an allowed source of script: "script-src 'unsafe-inline'".
 The policy is report-only, so the violation has been logged but no further action has been taken. @ :0
[   81806ms] [INFO] Evaluating a string as JavaScript violates the following Content Security Policy directive because 'unsafe-eval' is not an allowed source of script: "script-src 'unsafe-inline'".
 The policy is report-only, so the violation has been logged but no further action has been taken. @ :0
[   81806ms] [INFO] Evaluating a string as JavaScript violates the following Content Security Policy directive because 'unsafe-eval' is not an allowed source of script: "script-src 'unsafe-inline'".
 The policy is report-only, so the violation has been logged but no further action has been taken. @ :0
[   81809ms] [INFO] Evaluating a string as JavaScript violates the following Content Security Policy directive because 'unsafe-eval' is not an allowed source of script: "script-src 'unsafe-inline'".
 The policy is report-only, so the violation has been logged but no further action has been taken. @ :0
[   81810ms] [INFO] Evaluating a string as JavaScript violates the following Content Security Policy directive because 'unsafe-eval' is not an allowed source of script: "script-src 'unsafe-inline'".
 The policy is report-only, so the violation has been logged but no further action has been taken. @ :0
[   81814ms] [INFO] Evaluating a string as JavaScript violates the following Content Security Policy directive because 'unsafe-eval' is not an allowed source of script: "script-src 'unsafe-inline'".
 The policy is report-only, so the violation has been logged but no further action has been taken. @ :0
[   81814ms] [INFO] Evaluating a string as JavaScript violates the following Content Security Policy directive because 'unsafe-eval' is not an allowed source of script: "script-src 'unsafe-inline'".
 The policy is report-only, so the violation has been logged but no further action has been taken. @ :0
[   81815ms] [INFO] Evaluating a string as JavaScript violates the following Content Security Policy directive because 'unsafe-eval' is not an allowed source of script: "script-src 'unsafe-inline'".
 The policy is report-only, so the violation has been logged but no further action has been taken. @ :0
[   81815ms] [INFO] Evaluating a string as JavaScript violates the following Content Security Policy directive because 'unsafe-eval' is not an allowed source of script: "script-src 'unsafe-inline'".
 The policy is report-only, so the violation has been logged but no further action has been taken. @ :0
[   81816ms] [INFO] Evaluating a string as JavaScript violates the following Content Security Policy directive because 'unsafe-eval' is not an allowed source of script: "script-src 'unsafe-inline'".
 The policy is report-only, so the violation has been logged but no further action has been taken. @ :0
[   81816ms] [INFO] Evaluating a string as JavaScript violates the following Content Security Policy directive because 'unsafe-eval' is not an allowed source of script: "script-src 'unsafe-inline'".
 The policy is report-only, so the violation has been logged but no further action has been taken. @ :0
[   81816ms] [INFO] Evaluating a string as JavaScript violates the following Content Security Policy directive because 'unsafe-eval' is not an allowed source of script: "script-src 'unsafe-inline'".
 The policy is report-only, so the violation has been logged but no further action has been taken. @ :0
[   81816ms] [INFO] Evaluating a string as JavaScript violates the following Content Security Policy directive because 'unsafe-eval' is not an allowed source of script: "script-src 'unsafe-inline'".
 The policy is report-only, so the violation has been logged but no further action has been taken. @ :0
[   81817ms] [INFO] Evaluating a string as JavaScript violates the following Content Security Policy directive because 'unsafe-eval' is not an allowed source of script: "script-src 'unsafe-inline'".
 The policy is report-only, so the violation has been logged but no further action has been taken. @ :0
[   81817ms] [INFO] Evaluating a string as JavaScript violates the following Content Security Policy directive because 'unsafe-eval' is not an allowed source of script: "script-src 'unsafe-inline'".
 The policy is report-only, so the violation has been logged but no further action has been taken. @ :0
[   81817ms] [INFO] Evaluating a string as JavaScript violates the following Content Security Policy directive because 'unsafe-eval' is not an allowed source of script: "script-src 'unsafe-inline'".
 The policy is report-only, so the violation has been logged but no further action has been taken. @ :0
[   81818ms] [INFO] Evaluating a string as JavaScript violates the following Content Security Policy directive because 'unsafe-eval' is not an allowed source of script: "script-src 'unsafe-inline'".
 The policy is report-only, so the violation has been logged but no further action has been taken. @ :0
[   81819ms] [INFO] Evaluating a string as JavaScript violates the following Content Security Policy directive because 'unsafe-eval' is not an allowed source of script: "script-src 'unsafe-inline'".
 The policy is report-only, so the violation has been logged but no further action has been taken. @ :0
[   81819ms] [INFO] Evaluating a string as JavaScript violates the following Content Security Policy directive because 'unsafe-eval' is not an allowed source of script: "script-src 'unsafe-inline'".
 The policy is report-only, so the violation has been logged but no further action has been taken. @ :0
[   81820ms] [INFO] Evaluating a string as JavaScript violates the following Content Security Policy directive because 'unsafe-eval' is not an allowed source of script: "script-src 'unsafe-inline'".
 The policy is report-only, so the violation has been logged but no further action has been taken. @ :0
[   81820ms] [INFO] Evaluating a string as JavaScript violates the following Content Security Policy directive because 'unsafe-eval' is not an allowed source of script: "script-src 'unsafe-inline'".
 The policy is report-only, so the violation has been logged but no further action has been taken. @ :0
[   81820ms] [INFO] Evaluating a string as JavaScript violates the following Content Security Policy directive because 'unsafe-eval' is not an allowed source of script: "script-src 'unsafe-inline'".
 The policy is report-only, so the violation has been logged but no further action has been taken. @ :0
[   81820ms] [INFO] Evaluating a string as JavaScript violates the following Content Security Policy directive because 'unsafe-eval' is not an allowed source of script: "script-src 'unsafe-inline'".
 The policy is report-only, so the violation has been logged but no further action has been taken. @ :0
[   81821ms] [INFO] Evaluating a string as JavaScript violates the following Content Security Policy directive because 'unsafe-eval' is not an allowed source of script: "script-src 'unsafe-inline'".
 The policy is report-only, so the violation has been logged but no further action has been taken. @ :0
[   81822ms] [INFO] Evaluating a string as JavaScript violates the following Content Security Policy directive because 'unsafe-eval' is not an allowed source of script: "script-src 'unsafe-inline'".
 The policy is report-only, so the violation has been logged but no further action has been taken. @ :0
[   81822ms] [INFO] Evaluating a string as JavaScript violates the following Content Security Policy directive because 'unsafe-eval' is not an allowed source of script: "script-src 'unsafe-inline'".
 The policy is report-only, so the violation has been logged but no further action has been taken. @ :0
[   81823ms] [INFO] Evaluating a string as JavaScript violates the following Content Security Policy directive because 'unsafe-eval' is not an allowed source of script: "script-src 'unsafe-inline'".
 The policy is report-only, so the violation has been logged but no further action has been taken. @ :0
[   81823ms] [INFO] Evaluating a string as JavaScript violates the following Content Security Policy directive because 'unsafe-eval' is not an allowed source of script: "script-src 'unsafe-inline'".
 The policy is report-only, so the violation has been logged but no further action has been taken. @ :0
[   81823ms] [INFO] Evaluating a string as JavaScript violates the following Content Security Policy directive because 'unsafe-eval' is not an allowed source of script: "script-src 'unsafe-inline'".
 The policy is report-only, so the violation has been logged but no further action has been taken. @ :0
[   81824ms] [INFO] Evaluating a string as JavaScript violates the following Content Security Policy directive because 'unsafe-eval' is not an allowed source of script: "script-src 'unsafe-inline'".
 The policy is report-only, so the violation has been logged but no further action has been taken. @ :0
[   81839ms] [INFO] Evaluating a string as JavaScript violates the following Content Security Policy directive because 'unsafe-eval' is not an allowed source of script: "script-src 'unsafe-inline'".
 The policy is report-only, so the violation has been logged but no further action has been taken. @ :0
[   81839ms] [INFO] Evaluating a string as JavaScript violates the following Content Security Policy directive because 'unsafe-eval' is not an allowed source of script: "script-src 'unsafe-inline'".
 The policy is report-only, so the violation has been logged but no further action has been taken. @ :0
[   81839ms] [INFO] Evaluating a string as JavaScript violates the following Content Security Policy directive because 'unsafe-eval' is not an allowed source of script: "script-src 'unsafe-inline'".
 The policy is report-only, so the violation has been logged but no further action has been taken. @ :0
[   81840ms] [INFO] Evaluating a string as JavaScript violates the following Content Security Policy directive because 'unsafe-eval' is not an allowed source of script: "script-src 'unsafe-inline'".
 The policy is report-only, so the violation has been logged but no further action has been taken. @ :0
[   81840ms] [INFO] Evaluating a string as JavaScript violates the following Content Security Policy directive because 'unsafe-eval' is not an allowed source of script: "script-src 'unsafe-inline'".
 The policy is report-only, so the violation has been logged but no further action has been taken. @ :0
[   81840ms] [INFO] Evaluating a string as JavaScript violates the following Content Security Policy directive because 'unsafe-eval' is not an allowed source of script: "script-src 'unsafe-inline'".
 The policy is report-only, so the violation has been logged but no further action has been taken. @ :0
[   81840ms] [INFO] Evaluating a string as JavaScript violates the following Content Security Policy directive because 'unsafe-eval' is not an allowed source of script: "script-src 'unsafe-inline'".
 The policy is report-only, so the violation has been logged but no further action has been taken. @ :0
[   81841ms] [INFO] Evaluating a string as JavaScript violates the following Content Security Policy directive because 'unsafe-eval' is not an allowed source of script: "script-src 'unsafe-inline'".
 The policy is report-only, so the violation has been logged but no further action has been taken. @ :0
[   81841ms] [INFO] Evaluating a string as JavaScript violates the following Content Security Policy directive because 'unsafe-eval' is not an allowed source of script: "script-src 'unsafe-inline'".
 The policy is report-only, so the violation has been logged but no further action has been taken. @ :0
[   81841ms] [INFO] Evaluating a string as JavaScript violates the following Content Security Policy directive because 'unsafe-eval' is not an allowed source of script: "script-src 'unsafe-inline'".
 The policy is report-only, so the violation has been logged but no further action has been taken. @ :0
[   81841ms] [INFO] Evaluating a string as JavaScript violates the following Content Security Policy directive because 'unsafe-eval' is not an allowed source of script: "script-src 'unsafe-inline'".
 The policy is report-only, so the violation has been logged but no further action has been taken. @ :0
[   81841ms] [INFO] Evaluating a string as JavaScript violates the following Content Security Policy directive because 'unsafe-eval' is not an allowed source of script: "script-src 'unsafe-inline'".
 The policy is report-only, so the violation has been logged but no further action has been taken. @ :0
[   81842ms] [INFO] Evaluating a string as JavaScript violates the following Content Security Policy directive because 'unsafe-eval' is not an allowed source of script: "script-src 'unsafe-inline'".
 The policy is report-only, so the violation has been logged but no further action has been taken. @ :0
[   81842ms] [INFO] Evaluating a string as JavaScript violates the following Content Security Policy directive because 'unsafe-eval' is not an allowed source of script: "script-src 'unsafe-inline'".
 The policy is report-only, so the violation has been logged but no further action has been taken. @ :0
[   81843ms] [INFO] Evaluating a string as JavaScript violates the following Content Security Policy directive because 'unsafe-eval' is not an allowed source of script: "script-src 'unsafe-inline'".
 The policy is report-only, so the violation has been logged but no further action has been taken. @ :0
[   81843ms] [INFO] Evaluating a string as JavaScript violates the following Content Security Policy directive because 'unsafe-eval' is not an allowed source of script: "script-src 'unsafe-inline'".
 The policy is report-only, so the violation has been logged but no further action has been taken. @ :0
[   81844ms] [INFO] Evaluating a string as JavaScript violates the following Content Security Policy directive because 'unsafe-eval' is not an allowed source of script: "script-src 'unsafe-inline'".
 The policy is report-only, so the violation has been logged but no further action has been taken. @ :0
[   81844ms] [INFO] Evaluating a string as JavaScript violates the following Content Security Policy directive because 'unsafe-eval' is not an allowed source of script: "script-src 'unsafe-inline'".
 The policy is report-only, so the violation has been logged but no further action has been taken. @ :0
[   81844ms] [INFO] Evaluating a string as JavaScript violates the following Content Security Policy directive because 'unsafe-eval' is not an allowed source of script: "script-src 'unsafe-inline'".
 The policy is report-only, so the violation has been logged but no further action has been taken. @ :0
[   81844ms] [INFO] Evaluating a string as JavaScript violates the following Content Security Policy directive because 'unsafe-eval' is not an allowed source of script: "script-src 'unsafe-inline'".
 The policy is report-only, so the violation has been logged but no further action has been taken. @ :0
[   81844ms] [INFO] Evaluating a string as JavaScript violates the following Content Security Policy directive because 'unsafe-eval' is not an allowed source of script: "script-src 'unsafe-inline'".
 The policy is report-only, so the violation has been logged but no further action has been taken. @ :0
[   81844ms] [INFO] Evaluating a string as JavaScript violates the following Content Security Policy directive because 'unsafe-eval' is not an allowed source of script: "script-src 'unsafe-inline'".
 The policy is report-only, so the violation has been logged but no further action has been taken. @ :0
[   81845ms] [INFO] Evaluating a string as JavaScript violates the following Content Security Policy directive because 'unsafe-eval' is not an allowed source of script: "script-src 'unsafe-inline'".
 The policy is report-only, so the violation has been logged but no further action has been taken. @ :0
[   81845ms] [INFO] Evaluating a string as JavaScript violates the following Content Security Policy directive because 'unsafe-eval' is not an allowed source of script: "script-src 'unsafe-inline'".
 The policy is report-only, so the violation has been logged but no further action has been taken. @ :0
[   81863ms] [INFO] Evaluating a string as JavaScript violates the following Content Security Policy directive because 'unsafe-eval' is not an allowed source of script: "script-src 'unsafe-inline'".
 The policy is report-only, so the violation has been logged but no further action has been taken. @ :0
[   81864ms] [INFO] Evaluating a string as JavaScript violates the following Content Security Policy directive because 'unsafe-eval' is not an allowed source of script: "script-src 'unsafe-inline'".
 The policy is report-only, so the violation has been logged but no further action has been taken. @ :0
[   81864ms] [INFO] Evaluating a string as JavaScript violates the following Content Security Policy directive because 'unsafe-eval' is not an allowed source of script: "script-src 'unsafe-inline'".
 The policy is report-only, so the violation has been logged but no further action has been taken. @ :0
[   81864ms] [INFO] Evaluating a string as JavaScript violates the following Content Security Policy directive because 'unsafe-eval' is not an allowed source of script: "script-src 'unsafe-inline'".
 The policy is report-only, so the violation has been logged but no further action has been taken. @ :0
[   81865ms] [INFO] Evaluating a string as JavaScript violates the following Content Security Policy directive because 'unsafe-eval' is not an allowed source of script: "script-src 'unsafe-inline'".
 The policy is report-only, so the violation has been logged but no further action has been taken. @ :0
[   81865ms] [INFO] Evaluating a string as JavaScript violates the following Content Security Policy directive because 'unsafe-eval' is not an allowed source of script: "script-src 'unsafe-inline'".
 The policy is report-only, so the violation has been logged but no further action has been taken. @ :0
[   81865ms] [INFO] Evaluating a string as JavaScript violates the following Content Security Policy directive because 'unsafe-eval' is not an allowed source of script: "script-src 'unsafe-inline'".
 The policy is report-only, so the violation has been logged but no further action has been taken. @ :0
[   81866ms] [INFO] Evaluating a string as JavaScript violates the following Content Security Policy directive because 'unsafe-eval' is not an allowed source of script: "script-src 'unsafe-inline'".
 The policy is report-only, so the violation has been logged but no further action has been taken. @ :0
[   81867ms] [INFO] Evaluating a string as JavaScript violates the following Content Security Policy directive because 'unsafe-eval' is not an allowed source of script: "script-src 'unsafe-inline'".
 The policy is report-only, so the violation has been logged but no further action has been taken. @ :0
[   81868ms] [INFO] Evaluating a string as JavaScript violates the following Content Security Policy directive because 'unsafe-eval' is not an allowed source of script: "script-src 'unsafe-inline'".
 The policy is report-only, so the violation has been logged but no further action has been taken. @ :0
[   81869ms] [INFO] Evaluating a string as JavaScript violates the following Content Security Policy directive because 'unsafe-eval' is not an allowed source of script: "script-src 'unsafe-inline'".
 The policy is report-only, so the violation has been logged but no further action has been taken. @ :0
[   81869ms] [INFO] Evaluating a string as JavaScript violates the following Content Security Policy directive because 'unsafe-eval' is not an allowed source of script: "script-src 'unsafe-inline'".
 The policy is report-only, so the violation has been logged but no further action has been taken. @ :0
[   81870ms] [INFO] Evaluating a string as JavaScript violates the following Content Security Policy directive because 'unsafe-eval' is not an allowed source of script: "script-src 'unsafe-inline'".
 The policy is report-only, so the violation has been logged but no further action has been taken. @ :0
[   81870ms] [INFO] Evaluating a string as JavaScript violates the following Content Security Policy directive because 'unsafe-eval' is not an allowed source of script: "script-src 'unsafe-inline'".
 The policy is report-only, so the violation has been logged but no further action has been taken. @ :0
[   81870ms] [INFO] Evaluating a string as JavaScript violates the following Content Security Policy directive because 'unsafe-eval' is not an allowed source of script: "script-src 'unsafe-inline'".
 The policy is report-only, so the violation has been logged but no further action has been taken. @ :0
[   81871ms] [INFO] Evaluating a string as JavaScript violates the following Content Security Policy directive because 'unsafe-eval' is not an allowed source of script: "script-src 'unsafe-inline'".
 The policy is report-only, so the violation has been logged but no further action has been taken. @ :0
[   81871ms] [INFO] Evaluating a string as JavaScript violates the following Content Security Policy directive because 'unsafe-eval' is not an allowed source of script: "script-src 'unsafe-inline'".
 The policy is report-only, so the violation has been logged but no further action has been taken. @ :0
[   81872ms] [INFO] Evaluating a string as JavaScript violates the following Content Security Policy directive because 'unsafe-eval' is not an allowed source of script: "script-src 'unsafe-inline'".
 The policy is report-only, so the violation has been logged but no further action has been taken. @ :0
[   81872ms] [INFO] Evaluating a string as JavaScript violates the following Content Security Policy directive because 'unsafe-eval' is not an allowed source of script: "script-src 'unsafe-inline'".
 The policy is report-only, so the violation has been logged but no further action has been taken. @ :0
[   81874ms] [INFO] Evaluating a string as JavaScript violates the following Content Security Policy directive because 'unsafe-eval' is not an allowed source of script: "script-src 'unsafe-inline'".
 The policy is report-only, so the violation has been logged but no further action has been taken. @ :0
[   81874ms] [INFO] Evaluating a string as JavaScript violates the following Content Security Policy directive because 'unsafe-eval' is not an allowed source of script: "script-src 'unsafe-inline'".
 The policy is report-only, so the violation has been logged but no further action has been taken. @ :0
[   81889ms] [INFO] Evaluating a string as JavaScript violates the following Content Security Policy directive because 'unsafe-eval' is not an allowed source of script: "script-src 'unsafe-inline'".
 The policy is report-only, so the violation has been logged but no further action has been taken. @ :0
[   81889ms] [INFO] Evaluating a string as JavaScript violates the following Content Security Policy directive because 'unsafe-eval' is not an allowed source of script: "script-src 'unsafe-inline'".
 The policy is report-only, so the violation has been logged but no further action has been taken. @ :0
[   81889ms] [INFO] Evaluating a string as JavaScript violates the following Content Security Policy directive because 'unsafe-eval' is not an allowed source of script: "script-src 'unsafe-inline'".
 The policy is report-only, so the violation has been logged but no further action has been taken. @ :0
[   81889ms] [INFO] Evaluating a string as JavaScript violates the following Content Security Policy directive because 'unsafe-eval' is not an allowed source of script: "script-src 'unsafe-inline'".
 The policy is report-only, so the violation has been logged but no further action has been taken. @ :0
[   81899ms] [INFO] Evaluating a string as JavaScript violates the following Content Security Policy directive because 'unsafe-eval' is not an allowed source of script: "script-src 'unsafe-inline'".
 The policy is report-only, so the violation has been logged but no further action has been taken. @ :0
[   81900ms] [INFO] Evaluating a string as JavaScript violates the following Content Security Policy directive because 'unsafe-eval' is not an allowed source of script: "script-src 'unsafe-inline'".
 The policy is report-only, so the violation has been logged but no further action has been taken. @ :0
[   81900ms] [INFO] Evaluating a string as JavaScript violates the following Content Security Policy directive because 'unsafe-eval' is not an allowed source of script: "script-src 'unsafe-inline'".
 The policy is report-only, so the violation has been logged but no further action has been taken. @ :0
[   81901ms] [INFO] Evaluating a string as JavaScript violates the following Content Security Policy directive because 'unsafe-eval' is not an allowed source of script: "script-src 'unsafe-inline'".
 The policy is report-only, so the violation has been logged but no further action has been taken. @ :0
[   81902ms] [INFO] Evaluating a string as JavaScript violates the following Content Security Policy directive because 'unsafe-eval' is not an allowed source of script: "script-src 'unsafe-inline'".
 The policy is report-only, so the violation has been logged but no further action has been taken. @ :0
[   81902ms] [INFO] Evaluating a string as JavaScript violates the following Content Security Policy directive because 'unsafe-eval' is not an allowed source of script: "script-src 'unsafe-inline'".
 The policy is report-only, so the violation has been logged but no further action has been taken. @ :0
[   81903ms] [INFO] Evaluating a string as JavaScript violates the following Content Security Policy directive because 'unsafe-eval' is not an allowed source of script: "script-src 'unsafe-inline'".
 The policy is report-only, so the violation has been logged but no further action has been taken. @ :0
[   81904ms] [INFO] Evaluating a string as JavaScript violates the following Content Security Policy directive because 'unsafe-eval' is not an allowed source of script: "script-src 'unsafe-inline'".
 The policy is report-only, so the violation has been logged but no further action has been taken. @ :0
[   81905ms] [INFO] Evaluating a string as JavaScript violates the following Content Security Policy directive because 'unsafe-eval' is not an allowed source of script: "script-src 'unsafe-inline'".
 The policy is report-only, so the violation has been logged but no further action has been taken. @ :0
[   81907ms] [INFO] Evaluating a string as JavaScript violates the following Content Security Policy directive because 'unsafe-eval' is not an allowed source of script: "script-src 'unsafe-inline'".
 The policy is report-only, so the violation has been logged but no further action has been taken. @ :0
[   81907ms] [INFO] Evaluating a string as JavaScript violates the following Content Security Policy directive because 'unsafe-eval' is not an allowed source of script: "script-src 'unsafe-inline'".
 The policy is report-only, so the violation has been logged but no further action has been taken. @ :0
[   81909ms] [INFO] Evaluating a string as JavaScript violates the following Content Security Policy directive because 'unsafe-eval' is not an allowed source of script: "script-src 'unsafe-inline'".
 The policy is report-only, so the violation has been logged but no further action has been taken. @ :0
[   81910ms] [INFO] Evaluating a string as JavaScript violates the following Content Security Policy directive because 'unsafe-eval' is not an allowed source of script: "script-src 'unsafe-inline'".
 The policy is report-only, so the violation has been logged but no further action has been taken. @ :0
[   81911ms] [INFO] Evaluating a string as JavaScript violates the following Content Security Policy directive because 'unsafe-eval' is not an allowed source of script: "script-src 'unsafe-inline'".
 The policy is report-only, so the violation has been logged but no further action has been taken. @ :0
[   81912ms] [INFO] Evaluating a string as JavaScript violates the following Content Security Policy directive because 'unsafe-eval' is not an allowed source of script: "script-src 'unsafe-inline'".
 The policy is report-only, so the violation has been logged but no further action has been taken. @ :0
[   81914ms] [INFO] Evaluating a string as JavaScript violates the following Content Security Policy directive because 'unsafe-eval' is not an allowed source of script: "script-src 'unsafe-inline'".
 The policy is report-only, so the violation has been logged but no further action has been taken. @ :0
[   81915ms] [INFO] Evaluating a string as JavaScript violates the following Content Security Policy directive because 'unsafe-eval' is not an allowed source of script: "script-src 'unsafe-inline'".
 The policy is report-only, so the violation has been logged but no further action has been taken. @ :0
[   81992ms] [INFO] Evaluating a string as JavaScript violates the following Content Security Policy directive because 'unsafe-eval' is not an allowed source of script: "script-src 'unsafe-inline'".
 The policy is report-only, so the violation has been logged but no further action has been taken. @ :0
[   82629ms] [INFO] Evaluating a string as JavaScript violates the following Content Security Policy directive because 'unsafe-eval' is not an allowed source of script: "script-src 'unsafe-inline'".
 The policy is report-only, so the violation has been logged but no further action has been taken. @ :0
[   82629ms] [INFO] Evaluating a string as JavaScript violates the following Content Security Policy directive because 'unsafe-eval' is not an allowed source of script: "script-src 'unsafe-inline'".
 The policy is report-only, so the violation has been logged but no further action has been taken. @ :0
[   82630ms] [INFO] Evaluating a string as JavaScript violates the following Content Security Policy directive because 'unsafe-eval' is not an allowed source of script: "script-src 'unsafe-inline'".
 The policy is report-only, so the violation has been logged but no further action has been taken. @ :0
[   82630ms] [INFO] Evaluating a string as JavaScript violates the following Content Security Policy directive because 'unsafe-eval' is not an allowed source of script: "script-src 'unsafe-inline'".
 The policy is report-only, so the violation has been logged but no further action has been taken. @ :0
[   82630ms] [INFO] Evaluating a string as JavaScript violates the following Content Security Policy directive because 'unsafe-eval' is not an allowed source of script: "script-src 'unsafe-inline'".
 The policy is report-only, so the violation has been logged but no further action has been taken. @ :0
[   82631ms] [INFO] Evaluating a string as JavaScript violates the following Content Security Policy directive because 'unsafe-eval' is not an allowed source of script: "script-src 'unsafe-inline'".
 The policy is report-only, so the violation has been logged but no further action has been taken. @ :0
[   82632ms] [INFO] Evaluating a string as JavaScript violates the following Content Security Policy directive because 'unsafe-eval' is not an allowed source of script: "script-src 'unsafe-inline'".
 The policy is report-only, so the violation has been logged but no further action has been taken. @ :0
[   82632ms] [INFO] Evaluating a string as JavaScript violates the following Content Security Policy directive because 'unsafe-eval' is not an allowed source of script: "script-src 'unsafe-inline'".
 The policy is report-only, so the violation has been logged but no further action has been taken. @ :0
[   82633ms] [INFO] Evaluating a string as JavaScript violates the following Content Security Policy directive because 'unsafe-eval' is not an allowed source of script: "script-src 'unsafe-inline'".
 The policy is report-only, so the violation has been logged but no further action has been taken. @ :0
[   82638ms] Error: Minified React error #425; visit https://reactjs.org/docs/error-decoder.html?invariant=425 for the full message or use the non-minified dev environment for full errors and additional helpful warnings.
    at rg (https://systemdesignschool.io/_next/static/chunks/framework-2fe4cb6473b20297.js:9:40173)
    at https://systemdesignschool.io/_next/static/chunks/framework-2fe4cb6473b20297.js:9:100717
    at oI (https://systemdesignschool.io/_next/static/chunks/framework-2fe4cb6473b20297.js:9:106228)
    at oD (https://systemdesignschool.io/_next/static/chunks/framework-2fe4cb6473b20297.js:9:99176)
    at https://systemdesignschool.io/_next/static/chunks/framework-2fe4cb6473b20297.js:9:98983
    at oO (https://systemdesignschool.io/_next/static/chunks/framework-2fe4cb6473b20297.js:9:98990)
    at ox (https://systemdesignschool.io/_next/static/chunks/framework-2fe4cb6473b20297.js:9:94029)
    at x (https://systemdesignschool.io/_next/static/chunks/framework-2fe4cb6473b20297.js:33:1374)
    at MessagePort.T (https://systemdesignschool.io/_next/static/chunks/framework-2fe4cb6473b20297.js:33:1904)
[   82640ms] Error: Minified React error #418; visit https://reactjs.org/docs/error-decoder.html?invariant=418 for the full message or use the non-minified dev environment for full errors and additional helpful warnings.
    at lg (https://systemdesignschool.io/_next/static/chunks/framework-2fe4cb6473b20297.js:9:46426)
    at i (https://systemdesignschool.io/_next/static/chunks/framework-2fe4cb6473b20297.js:9:121163)
    at oD (https://systemdesignschool.io/_next/static/chunks/framework-2fe4cb6473b20297.js:9:99116)
    at https://systemdesignschool.io/_next/static/chunks/framework-2fe4cb6473b20297.js:9:98983
    at oO (https://systemdesignschool.io/_next/static/chunks/framework-2fe4cb6473b20297.js:9:98990)
    at ox (https://systemdesignschool.io/_next/static/chunks/framework-2fe4cb6473b20297.js:9:94029)
    at x (https://systemdesignschool.io/_next/static/chunks/framework-2fe4cb6473b20297.js:33:1374)
    at MessagePort.T (https://systemdesignschool.io/_next/static/chunks/framework-2fe4cb6473b20297.js:33:1904)
[   82640ms] Error: Minified React error #418; visit https://reactjs.org/docs/error-decoder.html?invariant=418 for the full message or use the non-minified dev environment for full errors and additional helpful warnings.
    at lg (https://systemdesignschool.io/_next/static/chunks/framework-2fe4cb6473b20297.js:9:46426)
    at i (https://systemdesignschool.io/_next/static/chunks/framework-2fe4cb6473b20297.js:9:121163)
    at oD (https://systemdesignschool.io/_next/static/chunks/framework-2fe4cb6473b20297.js:9:99116)
    at https://systemdesignschool.io/_next/static/chunks/framework-2fe4cb6473b20297.js:9:98983
    at oO (https://systemdesignschool.io/_next/static/chunks/framework-2fe4cb6473b20297.js:9:98990)
    at ox (https://systemdesignschool.io/_next/static/chunks/framework-2fe4cb6473b20297.js:9:94029)
    at x (https://systemdesignschool.io/_next/static/chunks/framework-2fe4cb6473b20297.js:33:1374)
    at MessagePort.T (https://systemdesignschool.io/_next/static/chunks/framework-2fe4cb6473b20297.js:33:1904)
[   82640ms] Error: Minified React error #418; visit https://reactjs.org/docs/error-decoder.html?invariant=418 for the full message or use the non-minified dev environment for full errors and additional helpful warnings.
    at lg (https://systemdesignschool.io/_next/static/chunks/framework-2fe4cb6473b20297.js:9:46426)
    at i (https://systemdesignschool.io/_next/static/chunks/framework-2fe4cb6473b20297.js:9:121163)
    at oD (https://systemdesignschool.io/_next/static/chunks/framework-2fe4cb6473b20297.js:9:99116)
    at https://systemdesignschool.io/_next/static/chunks/framework-2fe4cb6473b20297.js:9:98983
    at oO (https://systemdesignschool.io/_next/static/chunks/framework-2fe4cb6473b20297.js:9:98990)
    at ox (https://systemdesignschool.io/_next/static/chunks/framework-2fe4cb6473b20297.js:9:94029)
    at x (https://systemdesignschool.io/_next/static/chunks/framework-2fe4cb6473b20297.js:33:1374)
    at MessagePort.T (https://systemdesignschool.io/_next/static/chunks/framework-2fe4cb6473b20297.js:33:1904)
[   82640ms] Error: Minified React error #418; visit https://reactjs.org/docs/error-decoder.html?invariant=418 for the full message or use the non-minified dev environment for full errors and additional helpful warnings.
    at lg (https://systemdesignschool.io/_next/static/chunks/framework-2fe4cb6473b20297.js:9:46426)
    at i (https://systemdesignschool.io/_next/static/chunks/framework-2fe4cb6473b20297.js:9:121163)
    at oD (https://systemdesignschool.io/_next/static/chunks/framework-2fe4cb6473b20297.js:9:99116)
    at https://systemdesignschool.io/_next/static/chunks/framework-2fe4cb6473b20297.js:9:98983
    at oO (https://systemdesignschool.io/_next/static/chunks/framework-2fe4cb6473b20297.js:9:98990)
    at ox (https://systemdesignschool.io/_next/static/chunks/framework-2fe4cb6473b20297.js:9:94029)
    at x (https://systemdesignschool.io/_next/static/chunks/framework-2fe4cb6473b20297.js:33:1374)
    at MessagePort.T (https://systemdesignschool.io/_next/static/chunks/framework-2fe4cb6473b20297.js:33:1904)
[   82636ms] [INFO] Evaluating a string as JavaScript violates the following Content Security Policy directive because 'unsafe-eval' is not an allowed source of script: "script-src 'unsafe-inline'".
 The policy is report-only, so the violation has been logged but no further action has been taken. @ :0
[   82642ms] Error: Minified React error #418; visit https://reactjs.org/docs/error-decoder.html?invariant=418 for the full message or use the non-minified dev environment for full errors and additional helpful warnings.
    at lg (https://systemdesignschool.io/_next/static/chunks/framework-2fe4cb6473b20297.js:9:46426)
    at i (https://systemdesignschool.io/_next/static/chunks/framework-2fe4cb6473b20297.js:9:121163)
    at oD (https://systemdesignschool.io/_next/static/chunks/framework-2fe4cb6473b20297.js:9:99116)
    at https://systemdesignschool.io/_next/static/chunks/framework-2fe4cb6473b20297.js:9:98983
    at oO (https://systemdesignschool.io/_next/static/chunks/framework-2fe4cb6473b20297.js:9:98990)
    at ox (https://systemdesignschool.io/_next/static/chunks/framework-2fe4cb6473b20297.js:9:94029)
    at x (https://systemdesignschool.io/_next/static/chunks/framework-2fe4cb6473b20297.js:33:1374)
    at MessagePort.T (https://systemdesignschool.io/_next/static/chunks/framework-2fe4cb6473b20297.js:33:1904)
[   82642ms] Error: Minified React error #418; visit https://reactjs.org/docs/error-decoder.html?invariant=418 for the full message or use the non-minified dev environment for full errors and additional helpful warnings.
    at lg (https://systemdesignschool.io/_next/static/chunks/framework-2fe4cb6473b20297.js:9:46426)
    at i (https://systemdesignschool.io/_next/static/chunks/framework-2fe4cb6473b20297.js:9:121163)
    at oD (https://systemdesignschool.io/_next/static/chunks/framework-2fe4cb6473b20297.js:9:99116)
    at https://systemdesignschool.io/_next/static/chunks/framework-2fe4cb6473b20297.js:9:98983
    at oO (https://systemdesignschool.io/_next/static/chunks/framework-2fe4cb6473b20297.js:9:98990)
    at ox (https://systemdesignschool.io/_next/static/chunks/framework-2fe4cb6473b20297.js:9:94029)
    at x (https://systemdesignschool.io/_next/static/chunks/framework-2fe4cb6473b20297.js:33:1374)
    at MessagePort.T (https://systemdesignschool.io/_next/static/chunks/framework-2fe4cb6473b20297.js:33:1904)
[   82637ms] [INFO] Evaluating a string as JavaScript violates the following Content Security Policy directive because 'unsafe-eval' is not an allowed source of script: "script-src 'unsafe-inline'".
 The policy is report-only, so the violation has been logged but no further action has been taken. @ :0
[   82642ms] Error: Minified React error #418; visit https://reactjs.org/docs/error-decoder.html?invariant=418 for the full message or use the non-minified dev environment for full errors and additional helpful warnings.
    at lg (https://systemdesignschool.io/_next/static/chunks/framework-2fe4cb6473b20297.js:9:46426)
    at i (https://systemdesignschool.io/_next/static/chunks/framework-2fe4cb6473b20297.js:9:121163)
    at oD (https://systemdesignschool.io/_next/static/chunks/framework-2fe4cb6473b20297.js:9:99116)
    at https://systemdesignschool.io/_next/static/chunks/framework-2fe4cb6473b20297.js:9:98983
    at oO (https://systemdesignschool.io/_next/static/chunks/framework-2fe4cb6473b20297.js:9:98990)
    at ox (https://systemdesignschool.io/_next/static/chunks/framework-2fe4cb6473b20297.js:9:94029)
    at x (https://systemdesignschool.io/_next/static/chunks/framework-2fe4cb6473b20297.js:33:1374)
    at MessagePort.T (https://systemdesignschool.io/_next/static/chunks/framework-2fe4cb6473b20297.js:33:1904)
[   82643ms] Error: Minified React error #418; visit https://reactjs.org/docs/error-decoder.html?invariant=418 for the full message or use the non-minified dev environment for full errors and additional helpful warnings.
    at lg (https://systemdesignschool.io/_next/static/chunks/framework-2fe4cb6473b20297.js:9:46426)
    at i (https://systemdesignschool.io/_next/static/chunks/framework-2fe4cb6473b20297.js:9:121163)
    at oD (https://systemdesignschool.io/_next/static/chunks/framework-2fe4cb6473b20297.js:9:99116)
    at https://systemdesignschool.io/_next/static/chunks/framework-2fe4cb6473b20297.js:9:98983
    at oO (https://systemdesignschool.io/_next/static/chunks/framework-2fe4cb6473b20297.js:9:98990)
    at ox (https://systemdesignschool.io/_next/static/chunks/framework-2fe4cb6473b20297.js:9:94029)
    at x (https://systemdesignschool.io/_next/static/chunks/framework-2fe4cb6473b20297.js:33:1374)
    at MessagePort.T (https://systemdesignschool.io/_next/static/chunks/framework-2fe4cb6473b20297.js:33:1904)
[   82643ms] Error: Minified React error #418; visit https://reactjs.org/docs/error-decoder.html?invariant=418 for the full message or use the non-minified dev environment for full errors and additional helpful warnings.
    at lg (https://systemdesignschool.io/_next/static/chunks/framework-2fe4cb6473b20297.js:9:46426)
    at i (https://systemdesignschool.io/_next/static/chunks/framework-2fe4cb6473b20297.js:9:121163)
    at oD (https://systemdesignschool.io/_next/static/chunks/framework-2fe4cb6473b20297.js:9:99116)
    at https://systemdesignschool.io/_next/static/chunks/framework-2fe4cb6473b20297.js:9:98983
    at oO (https://systemdesignschool.io/_next/static/chunks/framework-2fe4cb6473b20297.js:9:98990)
    at ox (https://systemdesignschool.io/_next/static/chunks/framework-2fe4cb6473b20297.js:9:94029)
    at x (https://systemdesignschool.io/_next/static/chunks/framework-2fe4cb6473b20297.js:33:1374)
    at MessagePort.T (https://systemdesignschool.io/_next/static/chunks/framework-2fe4cb6473b20297.js:33:1904)
[   82638ms] [INFO] Evaluating a string as JavaScript violates the following Content Security Policy directive because 'unsafe-eval' is not an allowed source of script: "script-src 'unsafe-inline'".
 The policy is report-only, so the violation has been logged but no further action has been taken. @ :0
[   82639ms] [INFO] Evaluating a string as JavaScript violates the following Content Security Policy directive because 'unsafe-eval' is not an allowed source of script: "script-src 'unsafe-inline'".
 The policy is report-only, so the violation has been logged but no further action has been taken. @ :0
[   82643ms] Error: Minified React error #418; visit https://reactjs.org/docs/error-decoder.html?invariant=418 for the full message or use the non-minified dev environment for full errors and additional helpful warnings.
    at lg (https://systemdesignschool.io/_next/static/chunks/framework-2fe4cb6473b20297.js:9:46426)
    at i (https://systemdesignschool.io/_next/static/chunks/framework-2fe4cb6473b20297.js:9:121163)
    at oD (https://systemdesignschool.io/_next/static/chunks/framework-2fe4cb6473b20297.js:9:99116)
    at https://systemdesignschool.io/_next/static/chunks/framework-2fe4cb6473b20297.js:9:98983
    at oO (https://systemdesignschool.io/_next/static/chunks/framework-2fe4cb6473b20297.js:9:98990)
    at ox (https://systemdesignschool.io/_next/static/chunks/framework-2fe4cb6473b20297.js:9:94029)
    at x (https://systemdesignschool.io/_next/static/chunks/framework-2fe4cb6473b20297.js:33:1374)
    at MessagePort.T (https://systemdesignschool.io/_next/static/chunks/framework-2fe4cb6473b20297.js:33:1904)
[   82643ms] Error: Minified React error #418; visit https://reactjs.org/docs/error-decoder.html?invariant=418 for the full message or use the non-minified dev environment for full errors and additional helpful warnings.
    at lg (https://systemdesignschool.io/_next/static/chunks/framework-2fe4cb6473b20297.js:9:46426)
    at i (https://systemdesignschool.io/_next/static/chunks/framework-2fe4cb6473b20297.js:9:121163)
    at oD (https://systemdesignschool.io/_next/static/chunks/framework-2fe4cb6473b20297.js:9:99116)
    at https://systemdesignschool.io/_next/static/chunks/framework-2fe4cb6473b20297.js:9:98983
    at oO (https://systemdesignschool.io/_next/static/chunks/framework-2fe4cb6473b20297.js:9:98990)
    at ox (https://systemdesignschool.io/_next/static/chunks/framework-2fe4cb6473b20297.js:9:94029)
    at x (https://systemdesignschool.io/_next/static/chunks/framework-2fe4cb6473b20297.js:33:1374)
    at MessagePort.T (https://systemdesignschool.io/_next/static/chunks/framework-2fe4cb6473b20297.js:33:1904)
[   82639ms] [INFO] Evaluating a string as JavaScript violates the following Content Security Policy directive because 'unsafe-eval' is not an allowed source of script: "script-src 'unsafe-inline'".
 The policy is report-only, so the violation has been logged but no further action has been taken. @ :0
[   82643ms] Error: Minified React error #418; visit https://reactjs.org/docs/error-decoder.html?invariant=418 for the full message or use the non-minified dev environment for full errors and additional helpful warnings.
    at lg (https://systemdesignschool.io/_next/static/chunks/framework-2fe4cb6473b20297.js:9:46426)
    at i (https://systemdesignschool.io/_next/static/chunks/framework-2fe4cb6473b20297.js:9:121163)
    at oD (https://systemdesignschool.io/_next/static/chunks/framework-2fe4cb6473b20297.js:9:99116)
    at https://systemdesignschool.io/_next/static/chunks/framework-2fe4cb6473b20297.js:9:98983
    at oO (https://systemdesignschool.io/_next/static/chunks/framework-2fe4cb6473b20297.js:9:98990)
    at ox (https://systemdesignschool.io/_next/static/chunks/framework-2fe4cb6473b20297.js:9:94029)
    at x (https://systemdesignschool.io/_next/static/chunks/framework-2fe4cb6473b20297.js:33:1374)
    at MessagePort.T (https://systemdesignschool.io/_next/static/chunks/framework-2fe4cb6473b20297.js:33:1904)
[   82639ms] [INFO] Evaluating a string as JavaScript violates the following Content Security Policy directive because 'unsafe-eval' is not an allowed source of script: "script-src 'unsafe-inline'".
 The policy is report-only, so the violation has been logged but no further action has been taken. @ :0
[   82644ms] Error: Minified React error #418; visit https://reactjs.org/docs/error-decoder.html?invariant=418 for the full message or use the non-minified dev environment for full errors and additional helpful warnings.
    at lg (https://systemdesignschool.io/_next/static/chunks/framework-2fe4cb6473b20297.js:9:46426)
    at i (https://systemdesignschool.io/_next/static/chunks/framework-2fe4cb6473b20297.js:9:121163)
    at oD (https://systemdesignschool.io/_next/static/chunks/framework-2fe4cb6473b20297.js:9:99116)
    at https://systemdesignschool.io/_next/static/chunks/framework-2fe4cb6473b20297.js:9:98983
    at oO (https://systemdesignschool.io/_next/static/chunks/framework-2fe4cb6473b20297.js:9:98990)
    at ox (https://systemdesignschool.io/_next/static/chunks/framework-2fe4cb6473b20297.js:9:94029)
    at x (https://systemdesignschool.io/_next/static/chunks/framework-2fe4cb6473b20297.js:33:1374)
    at MessagePort.T (https://systemdesignschool.io/_next/static/chunks/framework-2fe4cb6473b20297.js:33:1904)
[   82640ms] [INFO] Evaluating a string as JavaScript violates the following Content Security Policy directive because 'unsafe-eval' is not an allowed source of script: "script-src 'unsafe-inline'".
 The policy is report-only, so the violation has been logged but no further action has been taken. @ :0
[   82644ms] Error: Minified React error #418; visit https://reactjs.org/docs/error-decoder.html?invariant=418 for the full message or use the non-minified dev environment for full errors and additional helpful warnings.
    at lg (https://systemdesignschool.io/_next/static/chunks/framework-2fe4cb6473b20297.js:9:46426)
    at i (https://systemdesignschool.io/_next/static/chunks/framework-2fe4cb6473b20297.js:9:121163)
    at oD (https://systemdesignschool.io/_next/static/chunks/framework-2fe4cb6473b20297.js:9:99116)
    at https://systemdesignschool.io/_next/static/chunks/framework-2fe4cb6473b20297.js:9:98983
    at oO (https://systemdesignschool.io/_next/static/chunks/framework-2fe4cb6473b20297.js:9:98990)
    at ox (https://systemdesignschool.io/_next/static/chunks/framework-2fe4cb6473b20297.js:9:94029)
    at x (https://systemdesignschool.io/_next/static/chunks/framework-2fe4cb6473b20297.js:33:1374)
    at MessagePort.T (https://systemdesignschool.io/_next/static/chunks/framework-2fe4cb6473b20297.js:33:1904)
[   82640ms] [INFO] Evaluating a string as JavaScript violates the following Content Security Policy directive because 'unsafe-eval' is not an allowed source of script: "script-src 'unsafe-inline'".
 The policy is report-only, so the violation has been logged but no further action has been taken. @ :0
[   82644ms] Error: Minified React error #418; visit https://reactjs.org/docs/error-decoder.html?invariant=418 for the full message or use the non-minified dev environment for full errors and additional helpful warnings.
    at lg (https://systemdesignschool.io/_next/static/chunks/framework-2fe4cb6473b20297.js:9:46426)
    at i (https://systemdesignschool.io/_next/static/chunks/framework-2fe4cb6473b20297.js:9:121163)
    at oD (https://systemdesignschool.io/_next/static/chunks/framework-2fe4cb6473b20297.js:9:99116)
    at https://systemdesignschool.io/_next/static/chunks/framework-2fe4cb6473b20297.js:9:98983
    at oO (https://systemdesignschool.io/_next/static/chunks/framework-2fe4cb6473b20297.js:9:98990)
    at ox (https://systemdesignschool.io/_next/static/chunks/framework-2fe4cb6473b20297.js:9:94029)
    at x (https://systemdesignschool.io/_next/static/chunks/framework-2fe4cb6473b20297.js:33:1374)
    at MessagePort.T (https://systemdesignschool.io/_next/static/chunks/framework-2fe4cb6473b20297.js:33:1904)
[   82644ms] Error: Minified React error #423; visit https://reactjs.org/docs/error-decoder.html?invariant=423 for the full message or use the non-minified dev environment for full errors and additional helpful warnings.
    at i (https://systemdesignschool.io/_next/static/chunks/framework-2fe4cb6473b20297.js:9:120832)
    at oD (https://systemdesignschool.io/_next/static/chunks/framework-2fe4cb6473b20297.js:9:99116)
    at https://systemdesignschool.io/_next/static/chunks/framework-2fe4cb6473b20297.js:9:98983
    at oO (https://systemdesignschool.io/_next/static/chunks/framework-2fe4cb6473b20297.js:9:98990)
    at oE (https://systemdesignschool.io/_next/static/chunks/framework-2fe4cb6473b20297.js:9:95742)
    at ox (https://systemdesignschool.io/_next/static/chunks/framework-2fe4cb6473b20297.js:9:94297)
    at x (https://systemdesignschool.io/_next/static/chunks/framework-2fe4cb6473b20297.js:33:1374)
    at MessagePort.T (https://systemdesignschool.io/_next/static/chunks/framework-2fe4cb6473b20297.js:33:1904)
[   82640ms] [INFO] Evaluating a string as JavaScript violates the following Content Security Policy directive because 'unsafe-eval' is not an allowed source of script: "script-src 'unsafe-inline'".
 The policy is report-only, so the violation has been logged but no further action has been taken. @ :0
[   82641ms] [INFO] Evaluating a string as JavaScript violates the following Content Security Policy directive because 'unsafe-eval' is not an allowed source of script: "script-src 'unsafe-inline'".
 The policy is report-only, so the violation has been logged but no further action has been taken. @ :0
[   82641ms] [INFO] Evaluating a string as JavaScript violates the following Content Security Policy directive because 'unsafe-eval' is not an allowed source of script: "script-src 'unsafe-inline'".
 The policy is report-only, so the violation has been logged but no further action has been taken. @ :0
[   82643ms] [INFO] Evaluating a string as JavaScript violates the following Content Security Policy directive because 'unsafe-eval' is not an allowed source of script: "script-src 'unsafe-inline'".
 The policy is report-only, so the violation has been logged but no further action has been taken. @ :0
[   82644ms] [INFO] Evaluating a string as JavaScript violates the following Content Security Policy directive because 'unsafe-eval' is not an allowed source of script: "script-src 'unsafe-inline'".
 The policy is report-only, so the violation has been logged but no further action has been taken. @ :0
[   82644ms] [INFO] Evaluating a string as JavaScript violates the following Content Security Policy directive because 'unsafe-eval' is not an allowed source of script: "script-src 'unsafe-inline'".
 The policy is report-only, so the violation has been logged but no further action has been taken. @ :0
[   82647ms] [INFO] Evaluating a string as JavaScript violates the following Content Security Policy directive because 'unsafe-eval' is not an allowed source of script: "script-src 'unsafe-inline'".
 The policy is report-only, so the violation has been logged but no further action has been taken. @ :0
[   82648ms] [INFO] Evaluating a string as JavaScript violates the following Content Security Policy directive because 'unsafe-eval' is not an allowed source of script: "script-src 'unsafe-inline'".
 The policy is report-only, so the violation has been logged but no further action has been taken. @ :0
[   80947ms] [INFO] Loading the script 'https://www.youtube.com/s/_/ytembeds/_/js/k=ytembeds.base.en_US.60gHVOycP-w.2021.O/am=AAAAgA/d=1/br=1/rs=AGKMywGVxiDxhd1zzjSDYgn5Ajtm8-QDYQ/m=root,base' violates the following Content Security Policy directive: "script-src 'unsafe-inline'". Note that 'script-src-elem' was not explicitly set, so 'script-src' is used as a fallback. The policy is report-only, so the violation has been logged but no further action has been taken. @ https://www.youtube.com/embed/OWVaX_cBrh8?si=MAfaQS1TV1r7USUI:0
[   80959ms] [INFO] Loading the script 'https://www.youtube.com/s/player/bed7a914/player_embed_es6.vflset/en_US/base.js' violates the following Content Security Policy directive: "script-src 'unsafe-inline'". Note that 'script-src-elem' was not explicitly set, so 'script-src' is used as a fallback. The policy is report-only, so the violation has been logged but no further action has been taken. @ https://www.youtube.com/embed/OWVaX_cBrh8?si=MAfaQS1TV1r7USUI:0
[   80975ms] [INFO] Loading the script 'https://static.doubleclick.net/instream/ad_status.js' violates the following Content Security Policy directive: "script-src 'unsafe-inline'". Note that 'script-src-elem' was not explicitly set, so 'script-src' is used as a fallback. The policy is report-only, so the violation has been logged but no further action has been taken. @ https://www.youtube.com/s/_/ytembeds/_/js/k=ytembeds.base.en_US.60gHVOycP-w.2021.O/am=AAAAgA/d=1/br=1/rs=AGKMywGVxiDxhd1zzjSDYgn5Ajtm8-QDYQ/m=root,base:727
[   80979ms] [INFO] Loading the script 'https://www.youtube.com/s/_/ytembeds/_/js/k=ytembeds.base.en_US.60gHVOycP-w.2021.O/am=AAAAgA/d=1/exm=base,root/ed=1/br=1/rs=AGKMywGVxiDxhd1zzjSDYgn5Ajtm8-QDYQ/m=r78Drb' violates the following Content Security Policy directive: "script-src 'unsafe-inline'". Note that 'script-src-elem' was not explicitly set, so 'script-src' is used as a fallback. The policy is report-only, so the violation has been logged but no further action has been taken. @ https://www.youtube.com/s/_/ytembeds/_/js/k=ytembeds.base.en_US.60gHVOycP-w.2021.O/am=AAAAgA/d=1/br=1/rs=AGKMywGVxiDxhd1zzjSDYgn5Ajtm8-QDYQ/m=root,base:153
[   81495ms] [INFO] Loading the script 'https://www.google.com/js/th/dsg6gWNjAraYwI_E1-ncR3KxLlty7EmJITzDbmdJWso.js' violates the following Content Security Policy directive: "script-src 'unsafe-inline'". Note that 'script-src-elem' was not explicitly set, so 'script-src' is used as a fallback. The policy is report-only, so the violation has been logged but no further action has been taken. @ https://www.youtube.com/s/_/ytembeds/_/js/k=ytembeds.base.en_US.60gHVOycP-w.2021.O/am=AAAAgA/d=1/br=1/rs=AGKMywGVxiDxhd1zzjSDYgn5Ajtm8-QDYQ/m=root,base:764
[   81500ms] [INFO] Evaluating a string as JavaScript violates the following Content Security Policy directive because 'unsafe-eval' is not an allowed source of script: "script-src 'unsafe-inline'".
 The policy is report-only, so the violation has been logged but no further action has been taken. @ https://www.google.com/js/th/dsg6gWNjAraYwI_E1-ncR3KxLlty7EmJITzDbmdJWso.js:1
[   81501ms] [INFO] Evaluating a string as JavaScript violates the following Content Security Policy directive because 'unsafe-eval' is not an allowed source of script: "script-src 'unsafe-inline'".
 The policy is report-only, so the violation has been logged but no further action has been taken. @ https://www.google.com/js/th/dsg6gWNjAraYwI_E1-ncR3KxLlty7EmJITzDbmdJWso.js:1
[   81519ms] [INFO] Evaluating a string as JavaScript violates the following Content Security Policy directive because 'unsafe-eval' is not an allowed source of script: "script-src 'unsafe-inline'".
 The policy is report-only, so the violation has been logged but no further action has been taken. @ :4168
[   81538ms] [INFO] Evaluating a string as JavaScript violates the following Content Security Policy directive because 'unsafe-eval' is not an allowed source of script: "script-src 'unsafe-inline'".
 The policy is report-only, so the violation has been logged but no further action has been taken. @ :4168
[   81539ms] [INFO] Evaluating a string as JavaScript violates the following Content Security Policy directive because 'unsafe-eval' is not an allowed source of script: "script-src 'unsafe-inline'".
 The policy is report-only, so the violation has been logged but no further action has been taken. @ :4168
[   81559ms] [INFO] Evaluating a string as JavaScript violates the following Content Security Policy directive because 'unsafe-eval' is not an allowed source of script: "script-src 'unsafe-inline'".
 The policy is report-only, so the violation has been logged but no further action has been taken. @ :4168
[   81589ms] [INFO] Evaluating a string as JavaScript violates the following Content Security Policy directive because 'unsafe-eval' is not an allowed source of script: "script-src 'unsafe-inline'".
 The policy is report-only, so the violation has been logged but no further action has been taken. @ :4168
[   81590ms] [INFO] Evaluating a string as JavaScript violates the following Content Security Policy directive because 'unsafe-eval' is not an allowed source of script: "script-src 'unsafe-inline'".
 The policy is report-only, so the violation has been logged but no further action has been taken. @ :4168
[   81590ms] [INFO] Evaluating a string as JavaScript violates the following Content Security Policy directive because 'unsafe-eval' is not an allowed source of script: "script-src 'unsafe-inline'".
 The policy is report-only, so the violation has been logged but no further action has been taken. @ :4168
[   81590ms] [INFO] Evaluating a string as JavaScript violates the following Content Security Policy directive because 'unsafe-eval' is not an allowed source of script: "script-src 'unsafe-inline'".
 The policy is report-only, so the violation has been logged but no further action has been taken. @ :4168
[   81590ms] [INFO] Evaluating a string as JavaScript violates the following Content Security Policy directive because 'unsafe-eval' is not an allowed source of script: "script-src 'unsafe-inline'".
 The policy is report-only, so the violation has been logged but no further action has been taken. @ :4168
[   81592ms] [INFO] Evaluating a string as JavaScript violates the following Content Security Policy directive because 'unsafe-eval' is not an allowed source of script: "script-src 'unsafe-inline'".
 The policy is report-only, so the violation has been logged but no further action has been taken. @ :4168
[   81592ms] [INFO] Evaluating a string as JavaScript violates the following Content Security Policy directive because 'unsafe-eval' is not an allowed source of script: "script-src 'unsafe-inline'".
 The policy is report-only, so the violation has been logged but no further action has been taken. @ :4168
[   81593ms] [INFO] Evaluating a string as JavaScript violates the following Content Security Policy directive because 'unsafe-eval' is not an allowed source of script: "script-src 'unsafe-inline'".
 The policy is report-only, so the violation has been logged but no further action has been taken. @ :4168
[   81593ms] [INFO] Evaluating a string as JavaScript violates the following Content Security Policy directive because 'unsafe-eval' is not an allowed source of script: "script-src 'unsafe-inline'".
 The policy is report-only, so the violation has been logged but no further action has been taken. @ :4168
[   81594ms] [INFO] Evaluating a string as JavaScript violates the following Content Security Policy directive because 'unsafe-eval' is not an allowed source of script: "script-src 'unsafe-inline'".
 The policy is report-only, so the violation has been logged but no further action has been taken. @ :4168
[   81595ms] [INFO] Evaluating a string as JavaScript violates the following Content Security Policy directive because 'unsafe-eval' is not an allowed source of script: "script-src 'unsafe-inline'".
 The policy is report-only, so the violation has been logged but no further action has been taken. @ :4168
[   81596ms] [INFO] Evaluating a string as JavaScript violates the following Content Security Policy directive because 'unsafe-eval' is not an allowed source of script: "script-src 'unsafe-inline'".
 The policy is report-only, so the violation has been logged but no further action has been taken. @ :4168
[   81597ms] [INFO] Evaluating a string as JavaScript violates the following Content Security Policy directive because 'unsafe-eval' is not an allowed source of script: "script-src 'unsafe-inline'".
 The policy is report-only, so the violation has been logged but no further action has been taken. @ :4168
[   81597ms] [INFO] Evaluating a string as JavaScript violates the following Content Security Policy directive because 'unsafe-eval' is not an allowed source of script: "script-src 'unsafe-inline'".
 The policy is report-only, so the violation has been logged but no further action has been taken. @ :4168
[   81598ms] [INFO] Evaluating a string as JavaScript violates the following Content Security Policy directive because 'unsafe-eval' is not an allowed source of script: "script-src 'unsafe-inline'".
 The policy is report-only, so the violation has been logged but no further action has been taken. @ :4168
[   81598ms] [INFO] Evaluating a string as JavaScript violates the following Content Security Policy directive because 'unsafe-eval' is not an allowed source of script: "script-src 'unsafe-inline'".
 The policy is report-only, so the violation has been logged but no further action has been taken. @ :4168
[   81599ms] [INFO] Evaluating a string as JavaScript violates the following Content Security Policy directive because 'unsafe-eval' is not an allowed source of script: "script-src 'unsafe-inline'".
 The policy is report-only, so the violation has been logged but no further action has been taken. @ :4168
[   81599ms] [INFO] Evaluating a string as JavaScript violates the following Content Security Policy directive because 'unsafe-eval' is not an allowed source of script: "script-src 'unsafe-inline'".
 The policy is report-only, so the violation has been logged but no further action has been taken. @ :4168
[   81613ms] [INFO] Evaluating a string as JavaScript violates the following Content Security Policy directive because 'unsafe-eval' is not an allowed source of script: "script-src 'unsafe-inline'".
 The policy is report-only, so the violation has been logged but no further action has been taken. @ :4168
[   81614ms] [INFO] Evaluating a string as JavaScript violates the following Content Security Policy directive because 'unsafe-eval' is not an allowed source of script: "script-src 'unsafe-inline'".
 The policy is report-only, so the violation has been logged but no further action has been taken. @ :4168
[   81615ms] [INFO] Evaluating a string as JavaScript violates the following Content Security Policy directive because 'unsafe-eval' is not an allowed source of script: "script-src 'unsafe-inline'".
 The policy is report-only, so the violation has been logged but no further action has been taken. @ :4168
[   81616ms] [INFO] Evaluating a string as JavaScript violates the following Content Security Policy directive because 'unsafe-eval' is not an allowed source of script: "script-src 'unsafe-inline'".
 The policy is report-only, so the violation has been logged but no further action has been taken. @ :4168
[   81617ms] [INFO] Evaluating a string as JavaScript violates the following Content Security Policy directive because 'unsafe-eval' is not an allowed source of script: "script-src 'unsafe-inline'".
 The policy is report-only, so the violation has been logged but no further action has been taken. @ :4168
[   81618ms] [INFO] Evaluating a string as JavaScript violates the following Content Security Policy directive because 'unsafe-eval' is not an allowed source of script: "script-src 'unsafe-inline'".
 The policy is report-only, so the violation has been logged but no further action has been taken. @ :4168
[   81618ms] [INFO] Evaluating a string as JavaScript violates the following Content Security Policy directive because 'unsafe-eval' is not an allowed source of script: "script-src 'unsafe-inline'".
 The policy is report-only, so the violation has been logged but no further action has been taken. @ :4168
[   81620ms] [INFO] Evaluating a string as JavaScript violates the following Content Security Policy directive because 'unsafe-eval' is not an allowed source of script: "script-src 'unsafe-inline'".
 The policy is report-only, so the violation has been logged but no further action has been taken. @ :4168
[   81621ms] [INFO] Evaluating a string as JavaScript violates the following Content Security Policy directive because 'unsafe-eval' is not an allowed source of script: "script-src 'unsafe-inline'".
 The policy is report-only, so the violation has been logged but no further action has been taken. @ :4168
[   81621ms] [INFO] Evaluating a string as JavaScript violates the following Content Security Policy directive because 'unsafe-eval' is not an allowed source of script: "script-src 'unsafe-inline'".
 The policy is report-only, so the violation has been logged but no further action has been taken. @ :4168
[   81622ms] [INFO] Evaluating a string as JavaScript violates the following Content Security Policy directive because 'unsafe-eval' is not an allowed source of script: "script-src 'unsafe-inline'".
 The policy is report-only, so the violation has been logged but no further action has been taken. @ :4168
[   81623ms] [INFO] Evaluating a string as JavaScript violates the following Content Security Policy directive because 'unsafe-eval' is not an allowed source of script: "script-src 'unsafe-inline'".
 The policy is report-only, so the violation has been logged but no further action has been taken. @ :4168
[   81624ms] [INFO] Evaluating a string as JavaScript violates the following Content Security Policy directive because 'unsafe-eval' is not an allowed source of script: "script-src 'unsafe-inline'".
 The policy is report-only, so the violation has been logged but no further action has been taken. @ :4168
[   81639ms] [INFO] Evaluating a string as JavaScript violates the following Content Security Policy directive because 'unsafe-eval' is not an allowed source of script: "script-src 'unsafe-inline'".
 The policy is report-only, so the violation has been logged but no further action has been taken. @ :4168
[   81640ms] [INFO] Evaluating a string as JavaScript violates the following Content Security Policy directive because 'unsafe-eval' is not an allowed source of script: "script-src 'unsafe-inline'".
 The policy is report-only, so the violation has been logged but no further action has been taken. @ :4168
[   81640ms] [INFO] Evaluating a string as JavaScript violates the following Content Security Policy directive because 'unsafe-eval' is not an allowed source of script: "script-src 'unsafe-inline'".
 The policy is report-only, so the violation has been logged but no further action has been taken. @ :4168
[   81640ms] [INFO] Evaluating a string as JavaScript violates the following Content Security Policy directive because 'unsafe-eval' is not an allowed source of script: "script-src 'unsafe-inline'".
 The policy is report-only, so the violation has been logged but no further action has been taken. @ :4168
[   81642ms] [INFO] Evaluating a string as JavaScript violates the following Content Security Policy directive because 'unsafe-eval' is not an allowed source of script: "script-src 'unsafe-inline'".
 The policy is report-only, so the violation has been logged but no further action has been taken. @ :4168
[   81642ms] [INFO] Evaluating a string as JavaScript violates the following Content Security Policy directive because 'unsafe-eval' is not an allowed source of script: "script-src 'unsafe-inline'".
 The policy is report-only, so the violation has been logged but no further action has been taken. @ :4168
[   81642ms] [INFO] Evaluating a string as JavaScript violates the following Content Security Policy directive because 'unsafe-eval' is not an allowed source of script: "script-src 'unsafe-inline'".
 The policy is report-only, so the violation has been logged but no further action has been taken. @ :4168
[   81643ms] [INFO] Evaluating a string as JavaScript violates the following Content Security Policy directive because 'unsafe-eval' is not an allowed source of script: "script-src 'unsafe-inline'".
 The policy is report-only, so the violation has been logged but no further action has been taken. @ :4168
[   81643ms] [INFO] Evaluating a string as JavaScript violates the following Content Security Policy directive because 'unsafe-eval' is not an allowed source of script: "script-src 'unsafe-inline'".
 The policy is report-only, so the violation has been logged but no further action has been taken. @ :4168
[   81644ms] [INFO] Evaluating a string as JavaScript violates the following Content Security Policy directive because 'unsafe-eval' is not an allowed source of script: "script-src 'unsafe-inline'".
 The policy is report-only, so the violation has been logged but no further action has been taken. @ :4168
[   81644ms] [INFO] Evaluating a string as JavaScript violates the following Content Security Policy directive because 'unsafe-eval' is not an allowed source of script: "script-src 'unsafe-inline'".
 The policy is report-only, so the violation has been logged but no further action has been taken. @ :4168
[   81645ms] [INFO] Evaluating a string as JavaScript violates the following Content Security Policy directive because 'unsafe-eval' is not an allowed source of script: "script-src 'unsafe-inline'".
 The policy is report-only, so the violation has been logged but no further action has been taken. @ :4168
[   81645ms] [INFO] Evaluating a string as JavaScript violates the following Content Security Policy directive because 'unsafe-eval' is not an allowed source of script: "script-src 'unsafe-inline'".
 The policy is report-only, so the violation has been logged but no further action has been taken. @ :4168
[   81646ms] [INFO] Evaluating a string as JavaScript violates the following Content Security Policy directive because 'unsafe-eval' is not an allowed source of script: "script-src 'unsafe-inline'".
 The policy is report-only, so the violation has been logged but no further action has been taken. @ :4168
[   81646ms] [INFO] Evaluating a string as JavaScript violates the following Content Security Policy directive because 'unsafe-eval' is not an allowed source of script: "script-src 'unsafe-inline'".
 The policy is report-only, so the violation has been logged but no further action has been taken. @ :4168
[   81647ms] [INFO] Evaluating a string as JavaScript violates the following Content Security Policy directive because 'unsafe-eval' is not an allowed source of script: "script-src 'unsafe-inline'".
 The policy is report-only, so the violation has been logged but no further action has been taken. @ :4168
[   81647ms] [INFO] Evaluating a string as JavaScript violates the following Content Security Policy directive because 'unsafe-eval' is not an allowed source of script: "script-src 'unsafe-inline'".
 The policy is report-only, so the violation has been logged but no further action has been taken. @ :4168
[   81648ms] [INFO] Evaluating a string as JavaScript violates the following Content Security Policy directive because 'unsafe-eval' is not an allowed source of script: "script-src 'unsafe-inline'".
 The policy is report-only, so the violation has been logged but no further action has been taken. @ :4168
[   81648ms] [INFO] Evaluating a string as JavaScript violates the following Content Security Policy directive because 'unsafe-eval' is not an allowed source of script: "script-src 'unsafe-inline'".
 The policy is report-only, so the violation has been logged but no further action has been taken. @ :4168
[   81663ms] [INFO] Evaluating a string as JavaScript violates the following Content Security Policy directive because 'unsafe-eval' is not an allowed source of script: "script-src 'unsafe-inline'".
 The policy is report-only, so the violation has been logged but no further action has been taken. @ :4168
[   81665ms] [INFO] Evaluating a string as JavaScript violates the following Content Security Policy directive because 'unsafe-eval' is not an allowed source of script: "script-src 'unsafe-inline'".
 The policy is report-only, so the violation has been logged but no further action has been taken. @ :4168
[   81665ms] [INFO] Evaluating a string as JavaScript violates the following Content Security Policy directive because 'unsafe-eval' is not an allowed source of script: "script-src 'unsafe-inline'".
 The policy is report-only, so the violation has been logged but no further action has been taken. @ :4168
[   81666ms] [INFO] Evaluating a string as JavaScript violates the following Content Security Policy directive because 'unsafe-eval' is not an allowed source of script: "script-src 'unsafe-inline'".
 The policy is report-only, so the violation has been logged but no further action has been taken. @ :0
[   81668ms] [INFO] Evaluating a string as JavaScript violates the following Content Security Policy directive because 'unsafe-eval' is not an allowed source of script: "script-src 'unsafe-inline'".
 The policy is report-only, so the violation has been logged but no further action has been taken. @ :4168
[   81668ms] [INFO] Evaluating a string as JavaScript violates the following Content Security Policy directive because 'unsafe-eval' is not an allowed source of script: "script-src 'unsafe-inline'".
 The policy is report-only, so the violation has been logged but no further action has been taken. @ :0
[   81669ms] [INFO] Evaluating a string as JavaScript violates the following Content Security Policy directive because 'unsafe-eval' is not an allowed source of script: "script-src 'unsafe-inline'".
 The policy is report-only, so the violation has been logged but no further action has been taken. @ :4168
[   81670ms] [INFO] Evaluating a string as JavaScript violates the following Content Security Policy directive because 'unsafe-eval' is not an allowed source of script: "script-src 'unsafe-inline'".
 The policy is report-only, so the violation has been logged but no further action has been taken. @ :4168
[   81670ms] [INFO] Evaluating a string as JavaScript violates the following Content Security Policy directive because 'unsafe-eval' is not an allowed source of script: "script-src 'unsafe-inline'".
 The policy is report-only, so the violation has been logged but no further action has been taken. @ :0
[   81671ms] [INFO] Evaluating a string as JavaScript violates the following Content Security Policy directive because 'unsafe-eval' is not an allowed source of script: "script-src 'unsafe-inline'".
 The policy is report-only, so the violation has been logged but no further action has been taken. @ :4168
[   81671ms] [INFO] Evaluating a string as JavaScript violates the following Content Security Policy directive because 'unsafe-eval' is not an allowed source of script: "script-src 'unsafe-inline'".
 The policy is report-only, so the violation has been logged but no further action has been taken. @ :0
[   81671ms] [INFO] Evaluating a string as JavaScript violates the following Content Security Policy directive because 'unsafe-eval' is not an allowed source of script: "script-src 'unsafe-inline'".
 The policy is report-only, so the violation has been logged but no further action has been taken. @ :4168
[   81672ms] [INFO] Evaluating a string as JavaScript violates the following Content Security Policy directive because 'unsafe-eval' is not an allowed source of script: "script-src 'unsafe-inline'".
 The policy is report-only, so the violation has been logged but no further action has been taken. @ :0
[   81672ms] [INFO] Evaluating a string as JavaScript violates the following Content Security Policy directive because 'unsafe-eval' is not an allowed source of script: "script-src 'unsafe-inline'".
 The policy is report-only, so the violation has been logged but no further action has been taken. @ :0
[   81672ms] [INFO] Evaluating a string as JavaScript violates the following Content Security Policy directive because 'unsafe-eval' is not an allowed source of script: "script-src 'unsafe-inline'".
 The policy is report-only, so the violation has been logged but no further action has been taken. @ :0
[   81688ms] [INFO] Evaluating a string as JavaScript violates the following Content Security Policy directive because 'unsafe-eval' is not an allowed source of script: "script-src 'unsafe-inline'".
 The policy is report-only, so the violation has been logged but no further action has been taken. @ :0
[   81688ms] [INFO] Evaluating a string as JavaScript violates the following Content Security Policy directive because 'unsafe-eval' is not an allowed source of script: "script-src 'unsafe-inline'".
 The policy is report-only, so the violation has been logged but no further action has been taken. @ :0
[   81688ms] [INFO] Evaluating a string as JavaScript violates the following Content Security Policy directive because 'unsafe-eval' is not an allowed source of script: "script-src 'unsafe-inline'".
 The policy is report-only, so the violation has been logged but no further action has been taken. @ :0
[   81688ms] [INFO] Evaluating a string as JavaScript violates the following Content Security Policy directive because 'unsafe-eval' is not an allowed source of script: "script-src 'unsafe-inline'".
 The policy is report-only, so the violation has been logged but no further action has been taken. @ :0
[   81688ms] [INFO] Evaluating a string as JavaScript violates the following Content Security Policy directive because 'unsafe-eval' is not an allowed source of script: "script-src 'unsafe-inline'".
 The policy is report-only, so the violation has been logged but no further action has been taken. @ :0
[   81689ms] [INFO] Evaluating a string as JavaScript violates the following Content Security Policy directive because 'unsafe-eval' is not an allowed source of script: "script-src 'unsafe-inline'".
 The policy is report-only, so the violation has been logged but no further action has been taken. @ :0
[   81690ms] [INFO] Evaluating a string as JavaScript violates the following Content Security Policy directive because 'unsafe-eval' is not an allowed source of script: "script-src 'unsafe-inline'".
 The policy is report-only, so the violation has been logged but no further action has been taken. @ :0
[   81717ms] [INFO] Evaluating a string as JavaScript violates the following Content Security Policy directive because 'unsafe-eval' is not an allowed source of script: "script-src 'unsafe-inline'".
 The policy is report-only, so the violation has been logged but no further action has been taken. @ :0
[   81718ms] [INFO] Evaluating a string as JavaScript violates the following Content Security Policy directive because 'unsafe-eval' is not an allowed source of script: "script-src 'unsafe-inline'".
 The policy is report-only, so the violation has been logged but no further action has been taken. @ :0
[   81719ms] [INFO] Evaluating a string as JavaScript violates the following Content Security Policy directive because 'unsafe-eval' is not an allowed source of script: "script-src 'unsafe-inline'".
 The policy is report-only, so the violation has been logged but no further action has been taken. @ :0
[   81719ms] [INFO] Evaluating a string as JavaScript violates the following Content Security Policy directive because 'unsafe-eval' is not an allowed source of script: "script-src 'unsafe-inline'".
 The policy is report-only, so the violation has been logged but no further action has been taken. @ :0
[   81719ms] [INFO] Evaluating a string as JavaScript violates the following Content Security Policy directive because 'unsafe-eval' is not an allowed source of script: "script-src 'unsafe-inline'".
 The policy is report-only, so the violation has been logged but no further action has been taken. @ :0
[   81719ms] [INFO] Evaluating a string as JavaScript violates the following Content Security Policy directive because 'unsafe-eval' is not an allowed source of script: "script-src 'unsafe-inline'".
 The policy is report-only, so the violation has been logged but no further action has been taken. @ :0
[   81719ms] [INFO] Evaluating a string as JavaScript violates the following Content Security Policy directive because 'unsafe-eval' is not an allowed source of script: "script-src 'unsafe-inline'".
 The policy is report-only, so the violation has been logged but no further action has been taken. @ :0
[   81719ms] [INFO] Evaluating a string as JavaScript violates the following Content Security Policy directive because 'unsafe-eval' is not an allowed source of script: "script-src 'unsafe-inline'".
 The policy is report-only, so the violation has been logged but no further action has been taken. @ :0
[   81719ms] [INFO] Evaluating a string as JavaScript violates the following Content Security Policy directive because 'unsafe-eval' is not an allowed source of script: "script-src 'unsafe-inline'".
 The policy is report-only, so the violation has been logged but no further action has been taken. @ :0
[   81720ms] [INFO] Evaluating a string as JavaScript violates the following Content Security Policy directive because 'unsafe-eval' is not an allowed source of script: "script-src 'unsafe-inline'".
 The policy is report-only, so the violation has been logged but no further action has been taken. @ :0
[   81720ms] [INFO] Evaluating a string as JavaScript violates the following Content Security Policy directive because 'unsafe-eval' is not an allowed source of script: "script-src 'unsafe-inline'".
 The policy is report-only, so the violation has been logged but no further action has been taken. @ :0
[   81721ms] [INFO] Evaluating a string as JavaScript violates the following Content Security Policy directive because 'unsafe-eval' is not an allowed source of script: "script-src 'unsafe-inline'".
 The policy is report-only, so the violation has been logged but no further action has been taken. @ :0
[   81721ms] [INFO] Evaluating a string as JavaScript violates the following Content Security Policy directive because 'unsafe-eval' is not an allowed source of script: "script-src 'unsafe-inline'".
 The policy is report-only, so the violation has been logged but no further action has been taken. @ :0
[   81721ms] [INFO] Evaluating a string as JavaScript violates the following Content Security Policy directive because 'unsafe-eval' is not an allowed source of script: "script-src 'unsafe-inline'".
 The policy is report-only, so the violation has been logged but no further action has been taken. @ :0
[   81721ms] [INFO] Evaluating a string as JavaScript violates the following Content Security Policy directive because 'unsafe-eval' is not an allowed source of script: "script-src 'unsafe-inline'".
 The policy is report-only, so the violation has been logged but no further action has been taken. @ :0
[   81721ms] [INFO] Evaluating a string as JavaScript violates the following Content Security Policy directive because 'unsafe-eval' is not an allowed source of script: "script-src 'unsafe-inline'".
 The policy is report-only, so the violation has been logged but no further action has been taken. @ :0
[   81721ms] [INFO] Evaluating a string as JavaScript violates the following Content Security Policy directive because 'unsafe-eval' is not an allowed source of script: "script-src 'unsafe-inline'".
 The policy is report-only, so the violation has been logged but no further action has been taken. @ :0
[   81722ms] [INFO] Evaluating a string as JavaScript violates the following Content Security Policy directive because 'unsafe-eval' is not an allowed source of script: "script-src 'unsafe-inline'".
 The policy is report-only, so the violation has been logged but no further action has been taken. @ :0
[   81722ms] [INFO] Evaluating a string as JavaScript violates the following Content Security Policy directive because 'unsafe-eval' is not an allowed source of script: "script-src 'unsafe-inline'".
 The policy is report-only, so the violation has been logged but no further action has been taken. @ :0
[   81722ms] [INFO] Evaluating a string as JavaScript violates the following Content Security Policy directive because 'unsafe-eval' is not an allowed source of script: "script-src 'unsafe-inline'".
 The policy is report-only, so the violation has been logged but no further action has been taken. @ :0
[   81722ms] [INFO] Evaluating a string as JavaScript violates the following Content Security Policy directive because 'unsafe-eval' is not an allowed source of script: "script-src 'unsafe-inline'".
 The policy is report-only, so the violation has been logged but no further action has been taken. @ :0
[   81722ms] [INFO] Evaluating a string as JavaScript violates the following Content Security Policy directive because 'unsafe-eval' is not an allowed source of script: "script-src 'unsafe-inline'".
 The policy is report-only, so the violation has been logged but no further action has been taken. @ :0
[   81722ms] [INFO] Evaluating a string as JavaScript violates the following Content Security Policy directive because 'unsafe-eval' is not an allowed source of script: "script-src 'unsafe-inline'".
 The policy is report-only, so the violation has been logged but no further action has been taken. @ :0
[   81723ms] [INFO] Evaluating a string as JavaScript violates the following Content Security Policy directive because 'unsafe-eval' is not an allowed source of script: "script-src 'unsafe-inline'".
 The policy is report-only, so the violation has been logged but no further action has been taken. @ :0
[   81723ms] [INFO] Evaluating a string as JavaScript violates the following Content Security Policy directive because 'unsafe-eval' is not an allowed source of script: "script-src 'unsafe-inline'".
 The policy is report-only, so the violation has been logged but no further action has been taken. @ :0
[   81723ms] [INFO] Evaluating a string as JavaScript violates the following Content Security Policy directive because 'unsafe-eval' is not an allowed source of script: "script-src 'unsafe-inline'".
 The policy is report-only, so the violation has been logged but no further action has been taken. @ :0
[   81723ms] [INFO] Evaluating a string as JavaScript violates the following Content Security Policy directive because 'unsafe-eval' is not an allowed source of script: "script-src 'unsafe-inline'".
 The policy is report-only, so the violation has been logged but no further action has been taken. @ :0
[   81723ms] [INFO] Evaluating a string as JavaScript violates the following Content Security Policy directive because 'unsafe-eval' is not an allowed source of script: "script-src 'unsafe-inline'".
 The policy is report-only, so the violation has been logged but no further action has been taken. @ :0
[   81723ms] [INFO] Evaluating a string as JavaScript violates the following Content Security Policy directive because 'unsafe-eval' is not an allowed source of script: "script-src 'unsafe-inline'".
 The policy is report-only, so the violation has been logged but no further action has been taken. @ :0
[   81723ms] [INFO] Evaluating a string as JavaScript violates the following Content Security Policy directive because 'unsafe-eval' is not an allowed source of script: "script-src 'unsafe-inline'".
 The policy is report-only, so the violation has been logged but no further action has been taken. @ :0
[   81723ms] [INFO] Evaluating a string as JavaScript violates the following Content Security Policy directive because 'unsafe-eval' is not an allowed source of script: "script-src 'unsafe-inline'".
 The policy is report-only, so the violation has been logged but no further action has been taken. @ :0
[   81723ms] [INFO] Evaluating a string as JavaScript violates the following Content Security Policy directive because 'unsafe-eval' is not an allowed source of script: "script-src 'unsafe-inline'".
 The policy is report-only, so the violation has been logged but no further action has been taken. @ :0
[   81723ms] [INFO] Evaluating a string as JavaScript violates the following Content Security Policy directive because 'unsafe-eval' is not an allowed source of script: "script-src 'unsafe-inline'".
 The policy is report-only, so the violation has been logged but no further action has been taken. @ :0
[   81723ms] [INFO] Evaluating a string as JavaScript violates the following Content Security Policy directive because 'unsafe-eval' is not an allowed source of script: "script-src 'unsafe-inline'".
 The policy is report-only, so the violation has been logged but no further action has been taken. @ :0
[   81723ms] [INFO] Evaluating a string as JavaScript violates the following Content Security Policy directive because 'unsafe-eval' is not an allowed source of script: "script-src 'unsafe-inline'".
 The policy is report-only, so the violation has been logged but no further action has been taken. @ :0
[   81723ms] [INFO] Evaluating a string as JavaScript violates the following Content Security Policy directive because 'unsafe-eval' is not an allowed source of script: "script-src 'unsafe-inline'".
 The policy is report-only, so the violation has been logged but no further action has been taken. @ :0
[   81724ms] [INFO] Evaluating a string as JavaScript violates the following Content Security Policy directive because 'unsafe-eval' is not an allowed source of script: "script-src 'unsafe-inline'".
 The policy is report-only, so the violation has been logged but no further action has been taken. @ :0
[   81724ms] [INFO] Evaluating a string as JavaScript violates the following Content Security Policy directive because 'unsafe-eval' is not an allowed source of script: "script-src 'unsafe-inline'".
 The policy is report-only, so the violation has been logged but no further action has been taken. @ :0
[   81724ms] [INFO] Evaluating a string as JavaScript violates the following Content Security Policy directive because 'unsafe-eval' is not an allowed source of script: "script-src 'unsafe-inline'".
 The policy is report-only, so the violation has been logged but no further action has been taken. @ :0
[   81724ms] [INFO] Evaluating a string as JavaScript violates the following Content Security Policy directive because 'unsafe-eval' is not an allowed source of script: "script-src 'unsafe-inline'".
 The policy is report-only, so the violation has been logged but no further action has been taken. @ :0
[   81724ms] [INFO] Evaluating a string as JavaScript violates the following Content Security Policy directive because 'unsafe-eval' is not an allowed source of script: "script-src 'unsafe-inline'".
 The policy is report-only, so the violation has been logged but no further action has been taken. @ :0
[   81724ms] [INFO] Evaluating a string as JavaScript violates the following Content Security Policy directive because 'unsafe-eval' is not an allowed source of script: "script-src 'unsafe-inline'".
 The policy is report-only, so the violation has been logged but no further action has been taken. @ :0
[   81724ms] [INFO] Evaluating a string as JavaScript violates the following Content Security Policy directive because 'unsafe-eval' is not an allowed source of script: "script-src 'unsafe-inline'".
 The policy is report-only, so the violation has been logged but no further action has been taken. @ :0
[   81724ms] [INFO] Evaluating a string as JavaScript violates the following Content Security Policy directive because 'unsafe-eval' is not an allowed source of script: "script-src 'unsafe-inline'".
 The policy is report-only, so the violation has been logged but no further action has been taken. @ :0
[   81724ms] [INFO] Evaluating a string as JavaScript violates the following Content Security Policy directive because 'unsafe-eval' is not an allowed source of script: "script-src 'unsafe-inline'".
 The policy is report-only, so the violation has been logged but no further action has been taken. @ :0
[   81724ms] [INFO] Evaluating a string as JavaScript violates the following Content Security Policy directive because 'unsafe-eval' is not an allowed source of script: "script-src 'unsafe-inline'".
 The policy is report-only, so the violation has been logged but no further action has been taken. @ :0
[   81724ms] [INFO] Evaluating a string as JavaScript violates the following Content Security Policy directive because 'unsafe-eval' is not an allowed source of script: "script-src 'unsafe-inline'".
 The policy is report-only, so the violation has been logged but no further action has been taken. @ :0
[   81724ms] [INFO] Evaluating a string as JavaScript violates the following Content Security Policy directive because 'unsafe-eval' is not an allowed source of script: "script-src 'unsafe-inline'".
 The policy is report-only, so the violation has been logged but no further action has been taken. @ :0
[   81724ms] [INFO] Evaluating a string as JavaScript violates the following Content Security Policy directive because 'unsafe-eval' is not an allowed source of script: "script-src 'unsafe-inline'".
 The policy is report-only, so the violation has been logged but no further action has been taken. @ :0
[   81725ms] [INFO] Evaluating a string as JavaScript violates the following Content Security Policy directive because 'unsafe-eval' is not an allowed source of script: "script-src 'unsafe-inline'".
 The policy is report-only, so the violation has been logged but no further action has been taken. @ :0
[   81725ms] [INFO] Evaluating a string as JavaScript violates the following Content Security Policy directive because 'unsafe-eval' is not an allowed source of script: "script-src 'unsafe-inline'".
 The policy is report-only, so the violation has been logged but no further action has been taken. @ :0
[   81725ms] [INFO] Evaluating a string as JavaScript violates the following Content Security Policy directive because 'unsafe-eval' is not an allowed source of script: "script-src 'unsafe-inline'".
 The policy is report-only, so the violation has been logged but no further action has been taken. @ :0
[   81725ms] [INFO] Evaluating a string as JavaScript violates the following Content Security Policy directive because 'unsafe-eval' is not an allowed source of script: "script-src 'unsafe-inline'".
 The policy is report-only, so the violation has been logged but no further action has been taken. @ :0
[   81725ms] [INFO] Evaluating a string as JavaScript violates the following Content Security Policy directive because 'unsafe-eval' is not an allowed source of script: "script-src 'unsafe-inline'".
 The policy is report-only, so the violation has been logged but no further action has been taken. @ :0
[   81725ms] [INFO] Evaluating a string as JavaScript violates the following Content Security Policy directive because 'unsafe-eval' is not an allowed source of script: "script-src 'unsafe-inline'".
 The policy is report-only, so the violation has been logged but no further action has been taken. @ :0
[   81725ms] [INFO] Evaluating a string as JavaScript violates the following Content Security Policy directive because 'unsafe-eval' is not an allowed source of script: "script-src 'unsafe-inline'".
 The policy is report-only, so the violation has been logged but no further action has been taken. @ :0
[   81725ms] [INFO] Evaluating a string as JavaScript violates the following Content Security Policy directive because 'unsafe-eval' is not an allowed source of script: "script-src 'unsafe-inline'".
 The policy is report-only, so the violation has been logged but no further action has been taken. @ :0
[   81725ms] [INFO] Evaluating a string as JavaScript violates the following Content Security Policy directive because 'unsafe-eval' is not an allowed source of script: "script-src 'unsafe-inline'".
 The policy is report-only, so the violation has been logged but no further action has been taken. @ :0
[   81725ms] [INFO] Evaluating a string as JavaScript violates the following Content Security Policy directive because 'unsafe-eval' is not an allowed source of script: "script-src 'unsafe-inline'".
 The policy is report-only, so the violation has been logged but no further action has been taken. @ :0
[   81739ms] [INFO] Evaluating a string as JavaScript violates the following Content Security Policy directive because 'unsafe-eval' is not an allowed source of script: "script-src 'unsafe-inline'".
 The policy is report-only, so the violation has been logged but no further action has been taken. @ :0
[   81740ms] [INFO] Evaluating a string as JavaScript violates the following Content Security Policy directive because 'unsafe-eval' is not an allowed source of script: "script-src 'unsafe-inline'".
 The policy is report-only, so the violation has been logged but no further action has been taken. @ :0
[   81740ms] [INFO] Evaluating a string as JavaScript violates the following Content Security Policy directive because 'unsafe-eval' is not an allowed source of script: "script-src 'unsafe-inline'".
 The policy is report-only, so the violation has been logged but no further action has been taken. @ :0
[   81741ms] [INFO] Evaluating a string as JavaScript violates the following Content Security Policy directive because 'unsafe-eval' is not an allowed source of script: "script-src 'unsafe-inline'".
 The policy is report-only, so the violation has been logged but no further action has been taken. @ :0
[   81741ms] [INFO] Evaluating a string as JavaScript violates the following Content Security Policy directive because 'unsafe-eval' is not an allowed source of script: "script-src 'unsafe-inline'".
 The policy is report-only, so the violation has been logged but no further action has been taken. @ :0
[   81759ms] [INFO] Evaluating a string as JavaScript violates the following Content Security Policy directive because 'unsafe-eval' is not an allowed source of script: "script-src 'unsafe-inline'".
 The policy is report-only, so the violation has been logged but no further action has been taken. @ :0
[   81759ms] [INFO] Evaluating a string as JavaScript violates the following Content Security Policy directive because 'unsafe-eval' is not an allowed source of script: "script-src 'unsafe-inline'".
 The policy is report-only, so the violation has been logged but no further action has been taken. @ :0
[   81762ms] [INFO] Evaluating a string as JavaScript violates the following Content Security Policy directive because 'unsafe-eval' is not an allowed source of script: "script-src 'unsafe-inline'".
 The policy is report-only, so the violation has been logged but no further action has been taken. @ :0
[   81762ms] [INFO] Evaluating a string as JavaScript violates the following Content Security Policy directive because 'unsafe-eval' is not an allowed source of script: "script-src 'unsafe-inline'".
 The policy is report-only, so the violation has been logged but no further action has been taken. @ :0
[   81763ms] [INFO] Evaluating a string as JavaScript violates the following Content Security Policy directive because 'unsafe-eval' is not an allowed source of script: "script-src 'unsafe-inline'".
 The policy is report-only, so the violation has been logged but no further action has been taken. @ :0
[   81763ms] [INFO] Evaluating a string as JavaScript violates the following Content Security Policy directive because 'unsafe-eval' is not an allowed source of script: "script-src 'unsafe-inline'".
 The policy is report-only, so the violation has been logged but no further action has been taken. @ :0
[   81764ms] [INFO] Evaluating a string as JavaScript violates the following Content Security Policy directive because 'unsafe-eval' is not an allowed source of script: "script-src 'unsafe-inline'".
 The policy is report-only, so the violation has been logged but no further action has been taken. @ :0
[   81764ms] [INFO] Evaluating a string as JavaScript violates the following Content Security Policy directive because 'unsafe-eval' is not an allowed source of script: "script-src 'unsafe-inline'".
 The policy is report-only, so the violation has been logged but no further action has been taken. @ :0
[   81765ms] [INFO] Evaluating a string as JavaScript violates the following Content Security Policy directive because 'unsafe-eval' is not an allowed source of script: "script-src 'unsafe-inline'".
 The policy is report-only, so the violation has been logged but no further action has been taken. @ :0
[   81765ms] [INFO] Evaluating a string as JavaScript violates the following Content Security Policy directive because 'unsafe-eval' is not an allowed source of script: "script-src 'unsafe-inline'".
 The policy is report-only, so the violation has been logged but no further action has been taken. @ :0
[   81766ms] [INFO] Evaluating a string as JavaScript violates the following Content Security Policy directive because 'unsafe-eval' is not an allowed source of script: "script-src 'unsafe-inline'".
 The policy is report-only, so the violation has been logged but no further action has been taken. @ :0
[   81766ms] [INFO] Evaluating a string as JavaScript violates the following Content Security Policy directive because 'unsafe-eval' is not an allowed source of script: "script-src 'unsafe-inline'".
 The policy is report-only, so the violation has been logged but no further action has been taken. @ :0
[   81766ms] [INFO] Evaluating a string as JavaScript violates the following Content Security Policy directive because 'unsafe-eval' is not an allowed source of script: "script-src 'unsafe-inline'".
 The policy is report-only, so the violation has been logged but no further action has been taken. @ :0
[   81766ms] [INFO] Evaluating a string as JavaScript violates the following Content Security Policy directive because 'unsafe-eval' is not an allowed source of script: "script-src 'unsafe-inline'".
 The policy is report-only, so the violation has been logged but no further action has been taken. @ :0
[   81767ms] [INFO] Evaluating a string as JavaScript violates the following Content Security Policy directive because 'unsafe-eval' is not an allowed source of script: "script-src 'unsafe-inline'".
 The policy is report-only, so the violation has been logged but no further action has been taken. @ :0
[   81767ms] [INFO] Evaluating a string as JavaScript violates the following Content Security Policy directive because 'unsafe-eval' is not an allowed source of script: "script-src 'unsafe-inline'".
 The policy is report-only, so the violation has been logged but no further action has been taken. @ :0
[   81767ms] [INFO] Evaluating a string as JavaScript violates the following Content Security Policy directive because 'unsafe-eval' is not an allowed source of script: "script-src 'unsafe-inline'".
 The policy is report-only, so the violation has been logged but no further action has been taken. @ :0
[   81767ms] [INFO] Evaluating a string as JavaScript violates the following Content Security Policy directive because 'unsafe-eval' is not an allowed source of script: "script-src 'unsafe-inline'".
 The policy is report-only, so the violation has been logged but no further action has been taken. @ :0
[   81768ms] [INFO] Evaluating a string as JavaScript violates the following Content Security Policy directive because 'unsafe-eval' is not an allowed source of script: "script-src 'unsafe-inline'".
 The policy is report-only, so the violation has been logged but no further action has been taken. @ :0
[   81768ms] [INFO] Evaluating a string as JavaScript violates the following Content Security Policy directive because 'unsafe-eval' is not an allowed source of script: "script-src 'unsafe-inline'".
 The policy is report-only, so the violation has been logged but no further action has been taken. @ :0
[   81768ms] [INFO] Evaluating a string as JavaScript violates the following Content Security Policy directive because 'unsafe-eval' is not an allowed source of script: "script-src 'unsafe-inline'".
 The policy is report-only, so the violation has been logged but no further action has been taken. @ :0
[   81768ms] [INFO] Evaluating a string as JavaScript violates the following Content Security Policy directive because 'unsafe-eval' is not an allowed source of script: "script-src 'unsafe-inline'".
 The policy is report-only, so the violation has been logged but no further action has been taken. @ :0
[   81768ms] [INFO] Evaluating a string as JavaScript violates the following Content Security Policy directive because 'unsafe-eval' is not an allowed source of script: "script-src 'unsafe-inline'".
 The policy is report-only, so the violation has been logged but no further action has been taken. @ :0
[   81768ms] [INFO] Evaluating a string as JavaScript violates the following Content Security Policy directive because 'unsafe-eval' is not an allowed source of script: "script-src 'unsafe-inline'".
 The policy is report-only, so the violation has been logged but no further action has been taken. @ :0
[   81769ms] [INFO] Evaluating a string as JavaScript violates the following Content Security Policy directive because 'unsafe-eval' is not an allowed source of script: "script-src 'unsafe-inline'".
 The policy is report-only, so the violation has been logged but no further action has been taken. @ :0
[   81769ms] [INFO] Evaluating a string as JavaScript violates the following Content Security Policy directive because 'unsafe-eval' is not an allowed source of script: "script-src 'unsafe-inline'".
 The policy is report-only, so the violation has been logged but no further action has been taken. @ :0
[   81788ms] [INFO] Evaluating a string as JavaScript violates the following Content Security Policy directive because 'unsafe-eval' is not an allowed source of script: "script-src 'unsafe-inline'".
 The policy is report-only, so the violation has been logged but no further action has been taken. @ :0
[   81788ms] [INFO] Evaluating a string as JavaScript violates the following Content Security Policy directive because 'unsafe-eval' is not an allowed source of script: "script-src 'unsafe-inline'".
 The policy is report-only, so the violation has been logged but no further action has been taken. @ :0
[   81789ms] [INFO] Evaluating a string as JavaScript violates the following Content Security Policy directive because 'unsafe-eval' is not an allowed source of script: "script-src 'unsafe-inline'".
 The policy is report-only, so the violation has been logged but no further action has been taken. @ :0
[   81789ms] [INFO] Evaluating a string as JavaScript violates the following Content Security Policy directive because 'unsafe-eval' is not an allowed source of script: "script-src 'unsafe-inline'".
 The policy is report-only, so the violation has been logged but no further action has been taken. @ :0
[   81789ms] [INFO] Evaluating a string as JavaScript violates the following Content Security Policy directive because 'unsafe-eval' is not an allowed source of script: "script-src 'unsafe-inline'".
 The policy is report-only, so the violation has been logged but no further action has been taken. @ :0
[   81789ms] [INFO] Evaluating a string as JavaScript violates the following Content Security Policy directive because 'unsafe-eval' is not an allowed source of script: "script-src 'unsafe-inline'".
 The policy is report-only, so the violation has been logged but no further action has been taken. @ :0
[   81789ms] [INFO] Evaluating a string as JavaScript violates the following Content Security Policy directive because 'unsafe-eval' is not an allowed source of script: "script-src 'unsafe-inline'".
 The policy is report-only, so the violation has been logged but no further action has been taken. @ :0
[   81789ms] [INFO] Evaluating a string as JavaScript violates the following Content Security Policy directive because 'unsafe-eval' is not an allowed source of script: "script-src 'unsafe-inline'".
 The policy is report-only, so the violation has been logged but no further action has been taken. @ :0
[   81790ms] [INFO] Evaluating a string as JavaScript violates the following Content Security Policy directive because 'unsafe-eval' is not an allowed source of script: "script-src 'unsafe-inline'".
 The policy is report-only, so the violation has been logged but no further action has been taken. @ :0
[   81791ms] [INFO] Evaluating a string as JavaScript violates the following Content Security Policy directive because 'unsafe-eval' is not an allowed source of script: "script-src 'unsafe-inline'".
 The policy is report-only, so the violation has been logged but no further action has been taken. @ :0
[   81792ms] [INFO] Evaluating a string as JavaScript violates the following Content Security Policy directive because 'unsafe-eval' is not an allowed source of script: "script-src 'unsafe-inline'".
 The policy is report-only, so the violation has been logged but no further action has been taken. @ :0
[   81793ms] [INFO] Evaluating a string as JavaScript violates the following Content Security Policy directive because 'unsafe-eval' is not an allowed source of script: "script-src 'unsafe-inline'".
 The policy is report-only, so the violation has been logged but no further action has been taken. @ :0
[   81794ms] [INFO] Evaluating a string as JavaScript violates the following Content Security Policy directive because 'unsafe-eval' is not an allowed source of script: "script-src 'unsafe-inline'".
 The policy is report-only, so the violation has been logged but no further action has been taken. @ :0
[   81794ms] [INFO] Evaluating a string as JavaScript violates the following Content Security Policy directive because 'unsafe-eval' is not an allowed source of script: "script-src 'unsafe-inline'".
 The policy is report-only, so the violation has been logged but no further action has been taken. @ :0
[   81796ms] [INFO] Evaluating a string as JavaScript violates the following Content Security Policy directive because 'unsafe-eval' is not an allowed source of script: "script-src 'unsafe-inline'".
 The policy is report-only, so the violation has been logged but no further action has been taken. @ :0
[   81796ms] [INFO] Evaluating a string as JavaScript violates the following Content Security Policy directive because 'unsafe-eval' is not an allowed source of script: "script-src 'unsafe-inline'".
 The policy is report-only, so the violation has been logged but no further action has been taken. @ :0
[   81800ms] [INFO] Evaluating a string as JavaScript violates the following Content Security Policy directive because 'unsafe-eval' is not an allowed source of script: "script-src 'unsafe-inline'".
 The policy is report-only, so the violation has been logged but no further action has been taken. @ :0
[   81801ms] [INFO] Evaluating a string as JavaScript violates the following Content Security Policy directive because 'unsafe-eval' is not an allowed source of script: "script-src 'unsafe-inline'".
 The policy is report-only, so the violation has been logged but no further action has been taken. @ :0
[   81802ms] [INFO] Evaluating a string as JavaScript violates the following Content Security Policy directive because 'unsafe-eval' is not an allowed source of script: "script-src 'unsafe-inline'".
 The policy is report-only, so the violation has been logged but no further action has been taken. @ :0
[   81802ms] [INFO] Evaluating a string as JavaScript violates the following Content Security Policy directive because 'unsafe-eval' is not an allowed source of script: "script-src 'unsafe-inline'".
 The policy is report-only, so the violation has been logged but no further action has been taken. @ :0
[   81804ms] [INFO] Evaluating a string as JavaScript violates the following Content Security Policy directive because 'unsafe-eval' is not an allowed source of script: "script-src 'unsafe-inline'".
 The policy is report-only, so the violation has been logged but no further action has been taken. @ :0
[   81804ms] [INFO] Evaluating a string as JavaScript violates the following Content Security Policy directive because 'unsafe-eval' is not an allowed source of script: "script-src 'unsafe-inline'".
 The policy is report-only, so the violation has been logged but no further action has been taken. @ :0
[   81804ms] [INFO] Evaluating a string as JavaScript violates the following Content Security Policy directive because 'unsafe-eval' is not an allowed source of script: "script-src 'unsafe-inline'".
 The policy is report-only, so the violation has been logged but no further action has been taken. @ :0
[   81804ms] [INFO] Evaluating a string as JavaScript violates the following Content Security Policy directive because 'unsafe-eval' is not an allowed source of script: "script-src 'unsafe-inline'".
 The policy is report-only, so the violation has been logged but no further action has been taken. @ :0
[   81805ms] [INFO] Evaluating a string as JavaScript violates the following Content Security Policy directive because 'unsafe-eval' is not an allowed source of script: "script-src 'unsafe-inline'".
 The policy is report-only, so the violation has been logged but no further action has been taken. @ :0
[   81805ms] [INFO] Evaluating a string as JavaScript violates the following Content Security Policy directive because 'unsafe-eval' is not an allowed source of script: "script-src 'unsafe-inline'".
 The policy is report-only, so the violation has been logged but no further action has been taken. @ :0
[   81806ms] [INFO] Evaluating a string as JavaScript violates the following Content Security Policy directive because 'unsafe-eval' is not an allowed source of script: "script-src 'unsafe-inline'".
 The policy is report-only, so the violation has been logged but no further action has been taken. @ :0
[   81806ms] [INFO] Evaluating a string as JavaScript violates the following Content Security Policy directive because 'unsafe-eval' is not an allowed source of script: "script-src 'unsafe-inline'".
 The policy is report-only, so the violation has been logged but no further action has been taken. @ :0
[   81809ms] [INFO] Evaluating a string as JavaScript violates the following Content Security Policy directive because 'unsafe-eval' is not an allowed source of script: "script-src 'unsafe-inline'".
 The policy is report-only, so the violation has been logged but no further action has been taken. @ :0
[   81810ms] [INFO] Evaluating a string as JavaScript violates the following Content Security Policy directive because 'unsafe-eval' is not an allowed source of script: "script-src 'unsafe-inline'".
 The policy is report-only, so the violation has been logged but no further action has been taken. @ :0
[   81814ms] [INFO] Evaluating a string as JavaScript violates the following Content Security Policy directive because 'unsafe-eval' is not an allowed source of script: "script-src 'unsafe-inline'".
 The policy is report-only, so the violation has been logged but no further action has been taken. @ :0
[   81814ms] [INFO] Evaluating a string as JavaScript violates the following Content Security Policy directive because 'unsafe-eval' is not an allowed source of script: "script-src 'unsafe-inline'".
 The policy is report-only, so the violation has been logged but no further action has been taken. @ :0
[   81815ms] [INFO] Evaluating a string as JavaScript violates the following Content Security Policy directive because 'unsafe-eval' is not an allowed source of script: "script-src 'unsafe-inline'".
 The policy is report-only, so the violation has been logged but no further action has been taken. @ :0
[   81815ms] [INFO] Evaluating a string as JavaScript violates the following Content Security Policy directive because 'unsafe-eval' is not an allowed source of script: "script-src 'unsafe-inline'".
 The policy is report-only, so the violation has been logged but no further action has been taken. @ :0
[   81816ms] [INFO] Evaluating a string as JavaScript violates the following Content Security Policy directive because 'unsafe-eval' is not an allowed source of script: "script-src 'unsafe-inline'".
 The policy is report-only, so the violation has been logged but no further action has been taken. @ :0
[   81816ms] [INFO] Evaluating a string as JavaScript violates the following Content Security Policy directive because 'unsafe-eval' is not an allowed source of script: "script-src 'unsafe-inline'".
 The policy is report-only, so the violation has been logged but no further action has been taken. @ :0
[   81816ms] [INFO] Evaluating a string as JavaScript violates the following Content Security Policy directive because 'unsafe-eval' is not an allowed source of script: "script-src 'unsafe-inline'".
 The policy is report-only, so the violation has been logged but no further action has been taken. @ :0
[   81816ms] [INFO] Evaluating a string as JavaScript violates the following Content Security Policy directive because 'unsafe-eval' is not an allowed source of script: "script-src 'unsafe-inline'".
 The policy is report-only, so the violation has been logged but no further action has been taken. @ :0
[   81817ms] [INFO] Evaluating a string as JavaScript violates the following Content Security Policy directive because 'unsafe-eval' is not an allowed source of script: "script-src 'unsafe-inline'".
 The policy is report-only, so the violation has been logged but no further action has been taken. @ :0
[   81817ms] [INFO] Evaluating a string as JavaScript violates the following Content Security Policy directive because 'unsafe-eval' is not an allowed source of script: "script-src 'unsafe-inline'".
 The policy is report-only, so the violation has been logged but no further action has been taken. @ :0
[   81817ms] [INFO] Evaluating a string as JavaScript violates the following Content Security Policy directive because 'unsafe-eval' is not an allowed source of script: "script-src 'unsafe-inline'".
 The policy is report-only, so the violation has been logged but no further action has been taken. @ :0
[   81818ms] [INFO] Evaluating a string as JavaScript violates the following Content Security Policy directive because 'unsafe-eval' is not an allowed source of script: "script-src 'unsafe-inline'".
 The policy is report-only, so the violation has been logged but no further action has been taken. @ :0
[   81819ms] [INFO] Evaluating a string as JavaScript violates the following Content Security Policy directive because 'unsafe-eval' is not an allowed source of script: "script-src 'unsafe-inline'".
 The policy is report-only, so the violation has been logged but no further action has been taken. @ :0
[   81819ms] [INFO] Evaluating a string as JavaScript violates the following Content Security Policy directive because 'unsafe-eval' is not an allowed source of script: "script-src 'unsafe-inline'".
 The policy is report-only, so the violation has been logged but no further action has been taken. @ :0
[   81820ms] [INFO] Evaluating a string as JavaScript violates the following Content Security Policy directive because 'unsafe-eval' is not an allowed source of script: "script-src 'unsafe-inline'".
 The policy is report-only, so the violation has been logged but no further action has been taken. @ :0
[   81820ms] [INFO] Evaluating a string as JavaScript violates the following Content Security Policy directive because 'unsafe-eval' is not an allowed source of script: "script-src 'unsafe-inline'".
 The policy is report-only, so the violation has been logged but no further action has been taken. @ :0
[   81820ms] [INFO] Evaluating a string as JavaScript violates the following Content Security Policy directive because 'unsafe-eval' is not an allowed source of script: "script-src 'unsafe-inline'".
 The policy is report-only, so the violation has been logged but no further action has been taken. @ :0
[   81820ms] [INFO] Evaluating a string as JavaScript violates the following Content Security Policy directive because 'unsafe-eval' is not an allowed source of script: "script-src 'unsafe-inline'".
 The policy is report-only, so the violation has been logged but no further action has been taken. @ :0
[   81821ms] [INFO] Evaluating a string as JavaScript violates the following Content Security Policy directive because 'unsafe-eval' is not an allowed source of script: "script-src 'unsafe-inline'".
 The policy is report-only, so the violation has been logged but no further action has been taken. @ :0
[   81822ms] [INFO] Evaluating a string as JavaScript violates the following Content Security Policy directive because 'unsafe-eval' is not an allowed source of script: "script-src 'unsafe-inline'".
 The policy is report-only, so the violation has been logged but no further action has been taken. @ :0
[   81822ms] [INFO] Evaluating a string as JavaScript violates the following Content Security Policy directive because 'unsafe-eval' is not an allowed source of script: "script-src 'unsafe-inline'".
 The policy is report-only, so the violation has been logged but no further action has been taken. @ :0
[   81823ms] [INFO] Evaluating a string as JavaScript violates the following Content Security Policy directive because 'unsafe-eval' is not an allowed source of script: "script-src 'unsafe-inline'".
 The policy is report-only, so the violation has been logged but no further action has been taken. @ :0
[   81823ms] [INFO] Evaluating a string as JavaScript violates the following Content Security Policy directive because 'unsafe-eval' is not an allowed source of script: "script-src 'unsafe-inline'".
 The policy is report-only, so the violation has been logged but no further action has been taken. @ :0
[   81823ms] [INFO] Evaluating a string as JavaScript violates the following Content Security Policy directive because 'unsafe-eval' is not an allowed source of script: "script-src 'unsafe-inline'".
 The policy is report-only, so the violation has been logged but no further action has been taken. @ :0
[   81824ms] [INFO] Evaluating a string as JavaScript violates the following Content Security Policy directive because 'unsafe-eval' is not an allowed source of script: "script-src 'unsafe-inline'".
 The policy is report-only, so the violation has been logged but no further action has been taken. @ :0
[   81839ms] [INFO] Evaluating a string as JavaScript violates the following Content Security Policy directive because 'unsafe-eval' is not an allowed source of script: "script-src 'unsafe-inline'".
 The policy is report-only, so the violation has been logged but no further action has been taken. @ :0
[   81839ms] [INFO] Evaluating a string as JavaScript violates the following Content Security Policy directive because 'unsafe-eval' is not an allowed source of script: "script-src 'unsafe-inline'".
 The policy is report-only, so the violation has been logged but no further action has been taken. @ :0
[   81839ms] [INFO] Evaluating a string as JavaScript violates the following Content Security Policy directive because 'unsafe-eval' is not an allowed source of script: "script-src 'unsafe-inline'".
 The policy is report-only, so the violation has been logged but no further action has been taken. @ :0
[   81840ms] [INFO] Evaluating a string as JavaScript violates the following Content Security Policy directive because 'unsafe-eval' is not an allowed source of script: "script-src 'unsafe-inline'".
 The policy is report-only, so the violation has been logged but no further action has been taken. @ :0
[   81840ms] [INFO] Evaluating a string as JavaScript violates the following Content Security Policy directive because 'unsafe-eval' is not an allowed source of script: "script-src 'unsafe-inline'".
 The policy is report-only, so the violation has been logged but no further action has been taken. @ :0
[   81840ms] [INFO] Evaluating a string as JavaScript violates the following Content Security Policy directive because 'unsafe-eval' is not an allowed source of script: "script-src 'unsafe-inline'".
 The policy is report-only, so the violation has been logged but no further action has been taken. @ :0
[   81840ms] [INFO] Evaluating a string as JavaScript violates the following Content Security Policy directive because 'unsafe-eval' is not an allowed source of script: "script-src 'unsafe-inline'".
 The policy is report-only, so the violation has been logged but no further action has been taken. @ :0
[   81841ms] [INFO] Evaluating a string as JavaScript violates the following Content Security Policy directive because 'unsafe-eval' is not an allowed source of script: "script-src 'unsafe-inline'".
 The policy is report-only, so the violation has been logged but no further action has been taken. @ :0
[   81841ms] [INFO] Evaluating a string as JavaScript violates the following Content Security Policy directive because 'unsafe-eval' is not an allowed source of script: "script-src 'unsafe-inline'".
 The policy is report-only, so the violation has been logged but no further action has been taken. @ :0
[   81841ms] [INFO] Evaluating a string as JavaScript violates the following Content Security Policy directive because 'unsafe-eval' is not an allowed source of script: "script-src 'unsafe-inline'".
 The policy is report-only, so the violation has been logged but no further action has been taken. @ :0
[   81841ms] [INFO] Evaluating a string as JavaScript violates the following Content Security Policy directive because 'unsafe-eval' is not an allowed source of script: "script-src 'unsafe-inline'".
 The policy is report-only, so the violation has been logged but no further action has been taken. @ :0
[   81841ms] [INFO] Evaluating a string as JavaScript violates the following Content Security Policy directive because 'unsafe-eval' is not an allowed source of script: "script-src 'unsafe-inline'".
 The policy is report-only, so the violation has been logged but no further action has been taken. @ :0
[   81842ms] [INFO] Evaluating a string as JavaScript violates the following Content Security Policy directive because 'unsafe-eval' is not an allowed source of script: "script-src 'unsafe-inline'".
 The policy is report-only, so the violation has been logged but no further action has been taken. @ :0
[   81842ms] [INFO] Evaluating a string as JavaScript violates the following Content Security Policy directive because 'unsafe-eval' is not an allowed source of script: "script-src 'unsafe-inline'".
 The policy is report-only, so the violation has been logged but no further action has been taken. @ :0
[   81843ms] [INFO] Evaluating a string as JavaScript violates the following Content Security Policy directive because 'unsafe-eval' is not an allowed source of script: "script-src 'unsafe-inline'".
 The policy is report-only, so the violation has been logged but no further action has been taken. @ :0
[   81843ms] [INFO] Evaluating a string as JavaScript violates the following Content Security Policy directive because 'unsafe-eval' is not an allowed source of script: "script-src 'unsafe-inline'".
 The policy is report-only, so the violation has been logged but no further action has been taken. @ :0
[   81844ms] [INFO] Evaluating a string as JavaScript violates the following Content Security Policy directive because 'unsafe-eval' is not an allowed source of script: "script-src 'unsafe-inline'".
 The policy is report-only, so the violation has been logged but no further action has been taken. @ :0
[   81844ms] [INFO] Evaluating a string as JavaScript violates the following Content Security Policy directive because 'unsafe-eval' is not an allowed source of script: "script-src 'unsafe-inline'".
 The policy is report-only, so the violation has been logged but no further action has been taken. @ :0
[   81844ms] [INFO] Evaluating a string as JavaScript violates the following Content Security Policy directive because 'unsafe-eval' is not an allowed source of script: "script-src 'unsafe-inline'".
 The policy is report-only, so the violation has been logged but no further action has been taken. @ :0
[   81844ms] [INFO] Evaluating a string as JavaScript violates the following Content Security Policy directive because 'unsafe-eval' is not an allowed source of script: "script-src 'unsafe-inline'".
 The policy is report-only, so the violation has been logged but no further action has been taken. @ :0
[   81844ms] [INFO] Evaluating a string as JavaScript violates the following Content Security Policy directive because 'unsafe-eval' is not an allowed source of script: "script-src 'unsafe-inline'".
 The policy is report-only, so the violation has been logged but no further action has been taken. @ :0
[   81844ms] [INFO] Evaluating a string as JavaScript violates the following Content Security Policy directive because 'unsafe-eval' is not an allowed source of script: "script-src 'unsafe-inline'".
 The policy is report-only, so the violation has been logged but no further action has been taken. @ :0
[   81845ms] [INFO] Evaluating a string as JavaScript violates the following Content Security Policy directive because 'unsafe-eval' is not an allowed source of script: "script-src 'unsafe-inline'".
 The policy is report-only, so the violation has been logged but no further action has been taken. @ :0
[   81845ms] [INFO] Evaluating a string as JavaScript violates the following Content Security Policy directive because 'unsafe-eval' is not an allowed source of script: "script-src 'unsafe-inline'".
 The policy is report-only, so the violation has been logged but no further action has been taken. @ :0
[   81863ms] [INFO] Evaluating a string as JavaScript violates the following Content Security Policy directive because 'unsafe-eval' is not an allowed source of script: "script-src 'unsafe-inline'".
 The policy is report-only, so the violation has been logged but no further action has been taken. @ :0
[   81864ms] [INFO] Evaluating a string as JavaScript violates the following Content Security Policy directive because 'unsafe-eval' is not an allowed source of script: "script-src 'unsafe-inline'".
 The policy is report-only, so the violation has been logged but no further action has been taken. @ :0
[   81864ms] [INFO] Evaluating a string as JavaScript violates the following Content Security Policy directive because 'unsafe-eval' is not an allowed source of script: "script-src 'unsafe-inline'".
 The policy is report-only, so the violation has been logged but no further action has been taken. @ :0
[   81864ms] [INFO] Evaluating a string as JavaScript violates the following Content Security Policy directive because 'unsafe-eval' is not an allowed source of script: "script-src 'unsafe-inline'".
 The policy is report-only, so the violation has been logged but no further action has been taken. @ :0
[   81865ms] [INFO] Evaluating a string as JavaScript violates the following Content Security Policy directive because 'unsafe-eval' is not an allowed source of script: "script-src 'unsafe-inline'".
 The policy is report-only, so the violation has been logged but no further action has been taken. @ :0
[   81865ms] [INFO] Evaluating a string as JavaScript violates the following Content Security Policy directive because 'unsafe-eval' is not an allowed source of script: "script-src 'unsafe-inline'".
 The policy is report-only, so the violation has been logged but no further action has been taken. @ :0
[   81865ms] [INFO] Evaluating a string as JavaScript violates the following Content Security Policy directive because 'unsafe-eval' is not an allowed source of script: "script-src 'unsafe-inline'".
 The policy is report-only, so the violation has been logged but no further action has been taken. @ :0
[   81866ms] [INFO] Evaluating a string as JavaScript violates the following Content Security Policy directive because 'unsafe-eval' is not an allowed source of script: "script-src 'unsafe-inline'".
 The policy is report-only, so the violation has been logged but no further action has been taken. @ :0
[   81867ms] [INFO] Evaluating a string as JavaScript violates the following Content Security Policy directive because 'unsafe-eval' is not an allowed source of script: "script-src 'unsafe-inline'".
 The policy is report-only, so the violation has been logged but no further action has been taken. @ :0
[   81868ms] [INFO] Evaluating a string as JavaScript violates the following Content Security Policy directive because 'unsafe-eval' is not an allowed source of script: "script-src 'unsafe-inline'".
 The policy is report-only, so the violation has been logged but no further action has been taken. @ :0
[   81869ms] [INFO] Evaluating a string as JavaScript violates the following Content Security Policy directive because 'unsafe-eval' is not an allowed source of script: "script-src 'unsafe-inline'".
 The policy is report-only, so the violation has been logged but no further action has been taken. @ :0
[   81869ms] [INFO] Evaluating a string as JavaScript violates the following Content Security Policy directive because 'unsafe-eval' is not an allowed source of script: "script-src 'unsafe-inline'".
 The policy is report-only, so the violation has been logged but no further action has been taken. @ :0
[   81870ms] [INFO] Evaluating a string as JavaScript violates the following Content Security Policy directive because 'unsafe-eval' is not an allowed source of script: "script-src 'unsafe-inline'".
 The policy is report-only, so the violation has been logged but no further action has been taken. @ :0
[   81870ms] [INFO] Evaluating a string as JavaScript violates the following Content Security Policy directive because 'unsafe-eval' is not an allowed source of script: "script-src 'unsafe-inline'".
 The policy is report-only, so the violation has been logged but no further action has been taken. @ :0
[   81870ms] [INFO] Evaluating a string as JavaScript violates the following Content Security Policy directive because 'unsafe-eval' is not an allowed source of script: "script-src 'unsafe-inline'".
 The policy is report-only, so the violation has been logged but no further action has been taken. @ :0
[   81871ms] [INFO] Evaluating a string as JavaScript violates the following Content Security Policy directive because 'unsafe-eval' is not an allowed source of script: "script-src 'unsafe-inline'".
 The policy is report-only, so the violation has been logged but no further action has been taken. @ :0
[   81871ms] [INFO] Evaluating a string as JavaScript violates the following Content Security Policy directive because 'unsafe-eval' is not an allowed source of script: "script-src 'unsafe-inline'".
 The policy is report-only, so the violation has been logged but no further action has been taken. @ :0
[   81872ms] [INFO] Evaluating a string as JavaScript violates the following Content Security Policy directive because 'unsafe-eval' is not an allowed source of script: "script-src 'unsafe-inline'".
 The policy is report-only, so the violation has been logged but no further action has been taken. @ :0
[   81872ms] [INFO] Evaluating a string as JavaScript violates the following Content Security Policy directive because 'unsafe-eval' is not an allowed source of script: "script-src 'unsafe-inline'".
 The policy is report-only, so the violation has been logged but no further action has been taken. @ :0
[   81874ms] [INFO] Evaluating a string as JavaScript violates the following Content Security Policy directive because 'unsafe-eval' is not an allowed source of script: "script-src 'unsafe-inline'".
 The policy is report-only, so the violation has been logged but no further action has been taken. @ :0
[   81874ms] [INFO] Evaluating a string as JavaScript violates the following Content Security Policy directive because 'unsafe-eval' is not an allowed source of script: "script-src 'unsafe-inline'".
 The policy is report-only, so the violation has been logged but no further action has been taken. @ :0
[   81889ms] [INFO] Evaluating a string as JavaScript violates the following Content Security Policy directive because 'unsafe-eval' is not an allowed source of script: "script-src 'unsafe-inline'".
 The policy is report-only, so the violation has been logged but no further action has been taken. @ :0
[   81889ms] [INFO] Evaluating a string as JavaScript violates the following Content Security Policy directive because 'unsafe-eval' is not an allowed source of script: "script-src 'unsafe-inline'".
 The policy is report-only, so the violation has been logged but no further action has been taken. @ :0
[   81889ms] [INFO] Evaluating a string as JavaScript violates the following Content Security Policy directive because 'unsafe-eval' is not an allowed source of script: "script-src 'unsafe-inline'".
 The policy is report-only, so the violation has been logged but no further action has been taken. @ :0
[   81889ms] [INFO] Evaluating a string as JavaScript violates the following Content Security Policy directive because 'unsafe-eval' is not an allowed source of script: "script-src 'unsafe-inline'".
 The policy is report-only, so the violation has been logged but no further action has been taken. @ :0
[   81899ms] [INFO] Evaluating a string as JavaScript violates the following Content Security Policy directive because 'unsafe-eval' is not an allowed source of script: "script-src 'unsafe-inline'".
 The policy is report-only, so the violation has been logged but no further action has been taken. @ :0
[   81900ms] [INFO] Evaluating a string as JavaScript violates the following Content Security Policy directive because 'unsafe-eval' is not an allowed source of script: "script-src 'unsafe-inline'".
 The policy is report-only, so the violation has been logged but no further action has been taken. @ :0
[   81900ms] [INFO] Evaluating a string as JavaScript violates the following Content Security Policy directive because 'unsafe-eval' is not an allowed source of script: "script-src 'unsafe-inline'".
 The policy is report-only, so the violation has been logged but no further action has been taken. @ :0
[   81901ms] [INFO] Evaluating a string as JavaScript violates the following Content Security Policy directive because 'unsafe-eval' is not an allowed source of script: "script-src 'unsafe-inline'".
 The policy is report-only, so the violation has been logged but no further action has been taken. @ :0
[   81902ms] [INFO] Evaluating a string as JavaScript violates the following Content Security Policy directive because 'unsafe-eval' is not an allowed source of script: "script-src 'unsafe-inline'".
 The policy is report-only, so the violation has been logged but no further action has been taken. @ :0
[   81902ms] [INFO] Evaluating a string as JavaScript violates the following Content Security Policy directive because 'unsafe-eval' is not an allowed source of script: "script-src 'unsafe-inline'".
 The policy is report-only, so the violation has been logged but no further action has been taken. @ :0
[   81903ms] [INFO] Evaluating a string as JavaScript violates the following Content Security Policy directive because 'unsafe-eval' is not an allowed source of script: "script-src 'unsafe-inline'".
 The policy is report-only, so the violation has been logged but no further action has been taken. @ :0
[   81904ms] [INFO] Evaluating a string as JavaScript violates the following Content Security Policy directive because 'unsafe-eval' is not an allowed source of script: "script-src 'unsafe-inline'".
 The policy is report-only, so the violation has been logged but no further action has been taken. @ :0
[   81905ms] [INFO] Evaluating a string as JavaScript violates the following Content Security Policy directive because 'unsafe-eval' is not an allowed source of script: "script-src 'unsafe-inline'".
 The policy is report-only, so the violation has been logged but no further action has been taken. @ :0
[   81907ms] [INFO] Evaluating a string as JavaScript violates the following Content Security Policy directive because 'unsafe-eval' is not an allowed source of script: "script-src 'unsafe-inline'".
 The policy is report-only, so the violation has been logged but no further action has been taken. @ :0
[   81907ms] [INFO] Evaluating a string as JavaScript violates the following Content Security Policy directive because 'unsafe-eval' is not an allowed source of script: "script-src 'unsafe-inline'".
 The policy is report-only, so the violation has been logged but no further action has been taken. @ :0
[   81909ms] [INFO] Evaluating a string as JavaScript violates the following Content Security Policy directive because 'unsafe-eval' is not an allowed source of script: "script-src 'unsafe-inline'".
 The policy is report-only, so the violation has been logged but no further action has been taken. @ :0
[   81910ms] [INFO] Evaluating a string as JavaScript violates the following Content Security Policy directive because 'unsafe-eval' is not an allowed source of script: "script-src 'unsafe-inline'".
 The policy is report-only, so the violation has been logged but no further action has been taken. @ :0
[   81911ms] [INFO] Evaluating a string as JavaScript violates the following Content Security Policy directive because 'unsafe-eval' is not an allowed source of script: "script-src 'unsafe-inline'".
 The policy is report-only, so the violation has been logged but no further action has been taken. @ :0
[   81912ms] [INFO] Evaluating a string as JavaScript violates the following Content Security Policy directive because 'unsafe-eval' is not an allowed source of script: "script-src 'unsafe-inline'".
 The policy is report-only, so the violation has been logged but no further action has been taken. @ :0
[   81914ms] [INFO] Evaluating a string as JavaScript violates the following Content Security Policy directive because 'unsafe-eval' is not an allowed source of script: "script-src 'unsafe-inline'".
 The policy is report-only, so the violation has been logged but no further action has been taken. @ :0
[   81915ms] [INFO] Evaluating a string as JavaScript violates the following Content Security Policy directive because 'unsafe-eval' is not an allowed source of script: "script-src 'unsafe-inline'".
 The policy is report-only, so the violation has been logged but no further action has been taken. @ :0
[   81992ms] [INFO] Evaluating a string as JavaScript violates the following Content Security Policy directive because 'unsafe-eval' is not an allowed source of script: "script-src 'unsafe-inline'".
 The policy is report-only, so the violation has been logged but no further action has been taken. @ :0
[   82629ms] [INFO] Evaluating a string as JavaScript violates the following Content Security Policy directive because 'unsafe-eval' is not an allowed source of script: "script-src 'unsafe-inline'".
 The policy is report-only, so the violation has been logged but no further action has been taken. @ :0
[   82629ms] [INFO] Evaluating a string as JavaScript violates the following Content Security Policy directive because 'unsafe-eval' is not an allowed source of script: "script-src 'unsafe-inline'".
 The policy is report-only, so the violation has been logged but no further action has been taken. @ :0
[   82630ms] [INFO] Evaluating a string as JavaScript violates the following Content Security Policy directive because 'unsafe-eval' is not an allowed source of script: "script-src 'unsafe-inline'".
 The policy is report-only, so the violation has been logged but no further action has been taken. @ :0
[   82630ms] [INFO] Evaluating a string as JavaScript violates the following Content Security Policy directive because 'unsafe-eval' is not an allowed source of script: "script-src 'unsafe-inline'".
 The policy is report-only, so the violation has been logged but no further action has been taken. @ :0
[   82630ms] [INFO] Evaluating a string as JavaScript violates the following Content Security Policy directive because 'unsafe-eval' is not an allowed source of script: "script-src 'unsafe-inline'".
 The policy is report-only, so the violation has been logged but no further action has been taken. @ :0
[   82631ms] [INFO] Evaluating a string as JavaScript violates the following Content Security Policy directive because 'unsafe-eval' is not an allowed source of script: "script-src 'unsafe-inline'".
 The policy is report-only, so the violation has been logged but no further action has been taken. @ :0
[   82632ms] [INFO] Evaluating a string as JavaScript violates the following Content Security Policy directive because 'unsafe-eval' is not an allowed source of script: "script-src 'unsafe-inline'".
 The policy is report-only, so the violation has been logged but no further action has been taken. @ :0
[   82632ms] [INFO] Evaluating a string as JavaScript violates the following Content Security Policy directive because 'unsafe-eval' is not an allowed source of script: "script-src 'unsafe-inline'".
 The policy is report-only, so the violation has been logged but no further action has been taken. @ :0
[   82633ms] [INFO] Evaluating a string as JavaScript violates the following Content Security Policy directive because 'unsafe-eval' is not an allowed source of script: "script-src 'unsafe-inline'".
 The policy is report-only, so the violation has been logged but no further action has been taken. @ :0
[   82636ms] [INFO] Evaluating a string as JavaScript violates the following Content Security Policy directive because 'unsafe-eval' is not an allowed source of script: "script-src 'unsafe-inline'".
 The policy is report-only, so the violation has been logged but no further action has been taken. @ :0
[   82637ms] [INFO] Evaluating a string as JavaScript violates the following Content Security Policy directive because 'unsafe-eval' is not an allowed source of script: "script-src 'unsafe-inline'".
 The policy is report-only, so the violation has been logged but no further action has been taken. @ :0
[   82638ms] [INFO] Evaluating a string as JavaScript violates the following Content Security Policy directive because 'unsafe-eval' is not an allowed source of script: "script-src 'unsafe-inline'".
 The policy is report-only, so the violation has been logged but no further action has been taken. @ :0
[   82639ms] [INFO] Evaluating a string as JavaScript violates the following Content Security Policy directive because 'unsafe-eval' is not an allowed source of script: "script-src 'unsafe-inline'".
 The policy is report-only, so the violation has been logged but no further action has been taken. @ :0
[   82639ms] [INFO] Evaluating a string as JavaScript violates the following Content Security Policy directive because 'unsafe-eval' is not an allowed source of script: "script-src 'unsafe-inline'".
 The policy is report-only, so the violation has been logged but no further action has been taken. @ :0
[   82639ms] [INFO] Evaluating a string as JavaScript violates the following Content Security Policy directive because 'unsafe-eval' is not an allowed source of script: "script-src 'unsafe-inline'".
 The policy is report-only, so the violation has been logged but no further action has been taken. @ :0
[   82640ms] [INFO] Evaluating a string as JavaScript violates the following Content Security Policy directive because 'unsafe-eval' is not an allowed source of script: "script-src 'unsafe-inline'".
 The policy is report-only, so the violation has been logged but no further action has been taken. @ :0
[   82640ms] [INFO] Evaluating a string as JavaScript violates the following Content Security Policy directive because 'unsafe-eval' is not an allowed source of script: "script-src 'unsafe-inline'".
 The policy is report-only, so the violation has been logged but no further action has been taken. @ :0
[   82640ms] [INFO] Evaluating a string as JavaScript violates the following Content Security Policy directive because 'unsafe-eval' is not an allowed source of script: "script-src 'unsafe-inline'".
 The policy is report-only, so the violation has been logged but no further action has been taken. @ :0
[   82641ms] [INFO] Evaluating a string as JavaScript violates the following Content Security Policy directive because 'unsafe-eval' is not an allowed source of script: "script-src 'unsafe-inline'".
 The policy is report-only, so the violation has been logged but no further action has been taken. @ :0
[   82641ms] [INFO] Evaluating a string as JavaScript violates the following Content Security Policy directive because 'unsafe-eval' is not an allowed source of script: "script-src 'unsafe-inline'".
 The policy is report-only, so the violation has been logged but no further action has been taken. @ :0
[   82643ms] [INFO] Evaluating a string as JavaScript violates the following Content Security Policy directive because 'unsafe-eval' is not an allowed source of script: "script-src 'unsafe-inline'".
 The policy is report-only, so the violation has been logged but no further action has been taken. @ :0
[   82644ms] [INFO] Evaluating a string as JavaScript violates the following Content Security Policy directive because 'unsafe-eval' is not an allowed source of script: "script-src 'unsafe-inline'".
 The policy is report-only, so the violation has been logged but no further action has been taken. @ :0
[   82644ms] [INFO] Evaluating a string as JavaScript violates the following Content Security Policy directive because 'unsafe-eval' is not an allowed source of script: "script-src 'unsafe-inline'".
 The policy is report-only, so the violation has been logged but no further action has been taken. @ :0
[   82647ms] [INFO] Evaluating a string as JavaScript violates the following Content Security Policy directive because 'unsafe-eval' is not an allowed source of script: "script-src 'unsafe-inline'".
 The policy is report-only, so the violation has been logged but no further action has been taken. @ :0
[   82648ms] [INFO] Evaluating a string as JavaScript violates the following Content Security Policy directive because 'unsafe-eval' is not an allowed source of script: "script-src 'unsafe-inline'".
 The policy is report-only, so the violation has been logged but no further action has been taken. @ :0
[   86216ms] [WARNING] [GSI_LOGGER]: Your client application uses one of the Google One Tap prompt UI status methods that may stop functioning when FedCM becomes mandatory. Refer to the migration guide to update your code accordingly and opt-in to FedCM to test your changes. Learn more: https://developers.google.com/identity/gsi/web/guides/fedcm-migration?s=dc#display_moment and https://developers.google.com/identity/gsi/web/guides/fedcm-migration?s=dc#skipped_moment @ https://accounts.google.com/gsi/client:86
[   86225ms] [ERROR] Not signed in with the identity provider. @ https://systemdesignschool.io/primer:0
[   93215ms] [ERROR] [GSI_LOGGER]: FedCM get() rejects with NetworkError: Error retrieving a token. @ https://accounts.google.com/gsi/client:87
[  112140ms] [WARNING] [GSI_LOGGER]: Your client application uses one of the Google One Tap prompt UI status methods that may stop functioning when FedCM becomes mandatory. Refer to the migration guide to update your code accordingly and opt-in to FedCM to test your changes. Learn more: https://developers.google.com/identity/gsi/web/guides/fedcm-migration?s=dc#display_moment and https://developers.google.com/identity/gsi/web/guides/fedcm-migration?s=dc#skipped_moment @ https://accounts.google.com/gsi/client:86
[  112143ms] [ERROR] Not signed in with the identity provider. @ https://systemdesignschool.io/patterns/scaling-reads-and-writes:0
[  114922ms] [WARNING] [GSI_LOGGER]: Your client application uses one of the Google One Tap prompt UI status methods that may stop functioning when FedCM becomes mandatory. Refer to the migration guide to update your code accordingly and opt-in to FedCM to test your changes. Learn more: https://developers.google.com/identity/gsi/web/guides/fedcm-migration?s=dc#display_moment and https://developers.google.com/identity/gsi/web/guides/fedcm-migration?s=dc#skipped_moment @ https://accounts.google.com/gsi/client:86
[  114926ms] [ERROR] Not signed in with the identity provider. @ https://systemdesignschool.io/patterns/asynchronous-jobs:0
[  118066ms] [WARNING] [GSI_LOGGER]: Your client application uses one of the Google One Tap prompt UI status methods that may stop functioning when FedCM becomes mandatory. Refer to the migration guide to update your code accordingly and opt-in to FedCM to test your changes. Learn more: https://developers.google.com/identity/gsi/web/guides/fedcm-migration?s=dc#display_moment and https://developers.google.com/identity/gsi/web/guides/fedcm-migration?s=dc#skipped_moment @ https://accounts.google.com/gsi/client:86
[  118070ms] [ERROR] Not signed in with the identity provider. @ https://systemdesignschool.io/patterns/real-time-transport:0
[  121238ms] [WARNING] [GSI_LOGGER]: Your client application uses one of the Google One Tap prompt UI status methods that may stop functioning when FedCM becomes mandatory. Refer to the migration guide to update your code accordingly and opt-in to FedCM to test your changes. Learn more: https://developers.google.com/identity/gsi/web/guides/fedcm-migration?s=dc#display_moment and https://developers.google.com/identity/gsi/web/guides/fedcm-migration?s=dc#skipped_moment @ https://accounts.google.com/gsi/client:86
[  121242ms] [ERROR] Not signed in with the identity provider. @ https://systemdesignschool.io/patterns/handling-large-files:0
[  123993ms] [ERROR] [GSI_LOGGER]: FedCM get() rejects with NetworkError: Error retrieving a token. @ https://accounts.google.com/gsi/client:87
[  855200ms] [LOG] %cWebsocket close was unclean: 1006 color: #E8910C @ https://script.hotjar.com/modules.b3c3d2ffe9c422f77646.js:1
[  908274ms] [LOG] %cWebsocket close was unclean: 1006 color: #E8910C @ https://script.hotjar.com/modules.b3c3d2ffe9c422f77646.js:1
[ 1288105ms] Error: Minified React error #425; visit https://reactjs.org/docs/error-decoder.html?invariant=425 for the full message or use the non-minified dev environment for full errors and additional helpful warnings.
    at rg (https://systemdesignschool.io/_next/static/chunks/framework-2fe4cb6473b20297.js:9:40173)
    at https://systemdesignschool.io/_next/static/chunks/framework-2fe4cb6473b20297.js:9:100717
    at oI (https://systemdesignschool.io/_next/static/chunks/framework-2fe4cb6473b20297.js:9:106228)
    at oD (https://systemdesignschool.io/_next/static/chunks/framework-2fe4cb6473b20297.js:9:99176)
    at https://systemdesignschool.io/_next/static/chunks/framework-2fe4cb6473b20297.js:9:98983
    at oO (https://systemdesignschool.io/_next/static/chunks/framework-2fe4cb6473b20297.js:9:98990)
    at ox (https://systemdesignschool.io/_next/static/chunks/framework-2fe4cb6473b20297.js:9:94029)
    at x (https://systemdesignschool.io/_next/static/chunks/framework-2fe4cb6473b20297.js:33:1374)
    at MessagePort.T (https://systemdesignschool.io/_next/static/chunks/framework-2fe4cb6473b20297.js:33:1904)
[ 1288106ms] Error: Minified React error #418; visit https://reactjs.org/docs/error-decoder.html?invariant=418 for the full message or use the non-minified dev environment for full errors and additional helpful warnings.
    at lg (https://systemdesignschool.io/_next/static/chunks/framework-2fe4cb6473b20297.js:9:46426)
    at i (https://systemdesignschool.io/_next/static/chunks/framework-2fe4cb6473b20297.js:9:121163)
    at oD (https://systemdesignschool.io/_next/static/chunks/framework-2fe4cb6473b20297.js:9:99116)
    at https://systemdesignschool.io/_next/static/chunks/framework-2fe4cb6473b20297.js:9:98983
    at oO (https://systemdesignschool.io/_next/static/chunks/framework-2fe4cb6473b20297.js:9:98990)
    at ox (https://systemdesignschool.io/_next/static/chunks/framework-2fe4cb6473b20297.js:9:94029)
    at x (https://systemdesignschool.io/_next/static/chunks/framework-2fe4cb6473b20297.js:33:1374)
    at MessagePort.T (https://systemdesignschool.io/_next/static/chunks/framework-2fe4cb6473b20297.js:33:1904)
[ 1288106ms] Error: Minified React error #418; visit https://reactjs.org/docs/error-decoder.html?invariant=418 for the full message or use the non-minified dev environment for full errors and additional helpful warnings.
    at lg (https://systemdesignschool.io/_next/static/chunks/framework-2fe4cb6473b20297.js:9:46426)
    at i (https://systemdesignschool.io/_next/static/chunks/framework-2fe4cb6473b20297.js:9:121163)
    at oD (https://systemdesignschool.io/_next/static/chunks/framework-2fe4cb6473b20297.js:9:99116)
    at https://systemdesignschool.io/_next/static/chunks/framework-2fe4cb6473b20297.js:9:98983
    at oO (https://systemdesignschool.io/_next/static/chunks/framework-2fe4cb6473b20297.js:9:98990)
    at ox (https://systemdesignschool.io/_next/static/chunks/framework-2fe4cb6473b20297.js:9:94029)
    at x (https://systemdesignschool.io/_next/static/chunks/framework-2fe4cb6473b20297.js:33:1374)
    at MessagePort.T (https://systemdesignschool.io/_next/static/chunks/framework-2fe4cb6473b20297.js:33:1904)
[ 1288106ms] Error: Minified React error #418; visit https://reactjs.org/docs/error-decoder.html?invariant=418 for the full message or use the non-minified dev environment for full errors and additional helpful warnings.
    at lg (https://systemdesignschool.io/_next/static/chunks/framework-2fe4cb6473b20297.js:9:46426)
    at i (https://systemdesignschool.io/_next/static/chunks/framework-2fe4cb6473b20297.js:9:121163)
    at oD (https://systemdesignschool.io/_next/static/chunks/framework-2fe4cb6473b20297.js:9:99116)
    at https://systemdesignschool.io/_next/static/chunks/framework-2fe4cb6473b20297.js:9:98983
    at oO (https://systemdesignschool.io/_next/static/chunks/framework-2fe4cb6473b20297.js:9:98990)
    at ox (https://systemdesignschool.io/_next/static/chunks/framework-2fe4cb6473b20297.js:9:94029)
    at x (https://systemdesignschool.io/_next/static/chunks/framework-2fe4cb6473b20297.js:33:1374)
    at MessagePort.T (https://systemdesignschool.io/_next/static/chunks/framework-2fe4cb6473b20297.js:33:1904)
[ 1288106ms] Error: Minified React error #418; visit https://reactjs.org/docs/error-decoder.html?invariant=418 for the full message or use the non-minified dev environment for full errors and additional helpful warnings.
    at lg (https://systemdesignschool.io/_next/static/chunks/framework-2fe4cb6473b20297.js:9:46426)
    at i (https://systemdesignschool.io/_next/static/chunks/framework-2fe4cb6473b20297.js:9:121163)
    at oD (https://systemdesignschool.io/_next/static/chunks/framework-2fe4cb6473b20297.js:9:99116)
    at https://systemdesignschool.io/_next/static/chunks/framework-2fe4cb6473b20297.js:9:98983
    at oO (https://systemdesignschool.io/_next/static/chunks/framework-2fe4cb6473b20297.js:9:98990)
    at ox (https://systemdesignschool.io/_next/static/chunks/framework-2fe4cb6473b20297.js:9:94029)
    at x (https://systemdesignschool.io/_next/static/chunks/framework-2fe4cb6473b20297.js:33:1374)
    at MessagePort.T (https://systemdesignschool.io/_next/static/chunks/framework-2fe4cb6473b20297.js:33:1904)
[ 1288106ms] Error: Minified React error #418; visit https://reactjs.org/docs/error-decoder.html?invariant=418 for the full message or use the non-minified dev environment for full errors and additional helpful warnings.
    at lg (https://systemdesignschool.io/_next/static/chunks/framework-2fe4cb6473b20297.js:9:46426)
    at i (https://systemdesignschool.io/_next/static/chunks/framework-2fe4cb6473b20297.js:9:121163)
    at oD (https://systemdesignschool.io/_next/static/chunks/framework-2fe4cb6473b20297.js:9:99116)
    at https://systemdesignschool.io/_next/static/chunks/framework-2fe4cb6473b20297.js:9:98983
    at oO (https://systemdesignschool.io/_next/static/chunks/framework-2fe4cb6473b20297.js:9:98990)
    at ox (https://systemdesignschool.io/_next/static/chunks/framework-2fe4cb6473b20297.js:9:94029)
    at x (https://systemdesignschool.io/_next/static/chunks/framework-2fe4cb6473b20297.js:33:1374)
    at MessagePort.T (https://systemdesignschool.io/_next/static/chunks/framework-2fe4cb6473b20297.js:33:1904)
[ 1288106ms] Error: Minified React error #418; visit https://reactjs.org/docs/error-decoder.html?invariant=418 for the full message or use the non-minified dev environment for full errors and additional helpful warnings.
    at lg (https://systemdesignschool.io/_next/static/chunks/framework-2fe4cb6473b20297.js:9:46426)
    at i (https://systemdesignschool.io/_next/static/chunks/framework-2fe4cb6473b20297.js:9:121163)
    at oD (https://systemdesignschool.io/_next/static/chunks/framework-2fe4cb6473b20297.js:9:99116)
    at https://systemdesignschool.io/_next/static/chunks/framework-2fe4cb6473b20297.js:9:98983
    at oO (https://systemdesignschool.io/_next/static/chunks/framework-2fe4cb6473b20297.js:9:98990)
    at ox (https://systemdesignschool.io/_next/static/chunks/framework-2fe4cb6473b20297.js:9:94029)
    at x (https://systemdesignschool.io/_next/static/chunks/framework-2fe4cb6473b20297.js:33:1374)
    at MessagePort.T (https://systemdesignschool.io/_next/static/chunks/framework-2fe4cb6473b20297.js:33:1904)
[ 1288107ms] Error: Minified React error #418; visit https://reactjs.org/docs/error-decoder.html?invariant=418 for the full message or use the non-minified dev environment for full errors and additional helpful warnings.
    at lg (https://systemdesignschool.io/_next/static/chunks/framework-2fe4cb6473b20297.js:9:46426)
    at i (https://systemdesignschool.io/_next/static/chunks/framework-2fe4cb6473b20297.js:9:121163)
    at oD (https://systemdesignschool.io/_next/static/chunks/framework-2fe4cb6473b20297.js:9:99116)
    at https://systemdesignschool.io/_next/static/chunks/framework-2fe4cb6473b20297.js:9:98983
    at oO (https://systemdesignschool.io/_next/static/chunks/framework-2fe4cb6473b20297.js:9:98990)
    at ox (https://systemdesignschool.io/_next/static/chunks/framework-2fe4cb6473b20297.js:9:94029)
    at x (https://systemdesignschool.io/_next/static/chunks/framework-2fe4cb6473b20297.js:33:1374)
    at MessagePort.T (https://systemdesignschool.io/_next/static/chunks/framework-2fe4cb6473b20297.js:33:1904)
[ 1288107ms] Error: Minified React error #418; visit https://reactjs.org/docs/error-decoder.html?invariant=418 for the full message or use the non-minified dev environment for full errors and additional helpful warnings.
    at lg (https://systemdesignschool.io/_next/static/chunks/framework-2fe4cb6473b20297.js:9:46426)
    at i (https://systemdesignschool.io/_next/static/chunks/framework-2fe4cb6473b20297.js:9:121163)
    at oD (https://systemdesignschool.io/_next/static/chunks/framework-2fe4cb6473b20297.js:9:99116)
    at https://systemdesignschool.io/_next/static/chunks/framework-2fe4cb6473b20297.js:9:98983
    at oO (https://systemdesignschool.io/_next/static/chunks/framework-2fe4cb6473b20297.js:9:98990)
    at ox (https://systemdesignschool.io/_next/static/chunks/framework-2fe4cb6473b20297.js:9:94029)
    at x (https://systemdesignschool.io/_next/static/chunks/framework-2fe4cb6473b20297.js:33:1374)
    at MessagePort.T (https://systemdesignschool.io/_next/static/chunks/framework-2fe4cb6473b20297.js:33:1904)
[ 1288107ms] Error: Minified React error #418; visit https://reactjs.org/docs/error-decoder.html?invariant=418 for the full message or use the non-minified dev environment for full errors and additional helpful warnings.
    at lg (https://systemdesignschool.io/_next/static/chunks/framework-2fe4cb6473b20297.js:9:46426)
    at i (https://systemdesignschool.io/_next/static/chunks/framework-2fe4cb6473b20297.js:9:121163)
    at oD (https://systemdesignschool.io/_next/static/chunks/framework-2fe4cb6473b20297.js:9:99116)
    at https://systemdesignschool.io/_next/static/chunks/framework-2fe4cb6473b20297.js:9:98983
    at oO (https://systemdesignschool.io/_next/static/chunks/framework-2fe4cb6473b20297.js:9:98990)
    at ox (https://systemdesignschool.io/_next/static/chunks/framework-2fe4cb6473b20297.js:9:94029)
    at x (https://systemdesignschool.io/_next/static/chunks/framework-2fe4cb6473b20297.js:33:1374)
    at MessagePort.T (https://systemdesignschool.io/_next/static/chunks/framework-2fe4cb6473b20297.js:33:1904)
[ 1288107ms] Error: Minified React error #418; visit https://reactjs.org/docs/error-decoder.html?invariant=418 for the full message or use the non-minified dev environment for full errors and additional helpful warnings.
    at lg (https://systemdesignschool.io/_next/static/chunks/framework-2fe4cb6473b20297.js:9:46426)
    at i (https://systemdesignschool.io/_next/static/chunks/framework-2fe4cb6473b20297.js:9:121163)
    at oD (https://systemdesignschool.io/_next/static/chunks/framework-2fe4cb6473b20297.js:9:99116)
    at https://systemdesignschool.io/_next/static/chunks/framework-2fe4cb6473b20297.js:9:98983
    at oO (https://systemdesignschool.io/_next/static/chunks/framework-2fe4cb6473b20297.js:9:98990)
    at ox (https://systemdesignschool.io/_next/static/chunks/framework-2fe4cb6473b20297.js:9:94029)
    at x (https://systemdesignschool.io/_next/static/chunks/framework-2fe4cb6473b20297.js:33:1374)
    at MessagePort.T (https://systemdesignschool.io/_next/static/chunks/framework-2fe4cb6473b20297.js:33:1904)
[ 1288107ms] Error: Minified React error #418; visit https://reactjs.org/docs/error-decoder.html?invariant=418 for the full message or use the non-minified dev environment for full errors and additional helpful warnings.
    at lg (https://systemdesignschool.io/_next/static/chunks/framework-2fe4cb6473b20297.js:9:46426)
    at i (https://systemdesignschool.io/_next/static/chunks/framework-2fe4cb6473b20297.js:9:121163)
    at oD (https://systemdesignschool.io/_next/static/chunks/framework-2fe4cb6473b20297.js:9:99116)
    at https://systemdesignschool.io/_next/static/chunks/framework-2fe4cb6473b20297.js:9:98983
    at oO (https://systemdesignschool.io/_next/static/chunks/framework-2fe4cb6473b20297.js:9:98990)
    at ox (https://systemdesignschool.io/_next/static/chunks/framework-2fe4cb6473b20297.js:9:94029)
    at x (https://systemdesignschool.io/_next/static/chunks/framework-2fe4cb6473b20297.js:33:1374)
    at MessagePort.T (https://systemdesignschool.io/_next/static/chunks/framework-2fe4cb6473b20297.js:33:1904)
[ 1288107ms] Error: Minified React error #418; visit https://reactjs.org/docs/error-decoder.html?invariant=418 for the full message or use the non-minified dev environment for full errors and additional helpful warnings.
    at lg (https://systemdesignschool.io/_next/static/chunks/framework-2fe4cb6473b20297.js:9:46426)
    at i (https://systemdesignschool.io/_next/static/chunks/framework-2fe4cb6473b20297.js:9:121163)
    at oD (https://systemdesignschool.io/_next/static/chunks/framework-2fe4cb6473b20297.js:9:99116)
    at https://systemdesignschool.io/_next/static/chunks/framework-2fe4cb6473b20297.js:9:98983
    at oO (https://systemdesignschool.io/_next/static/chunks/framework-2fe4cb6473b20297.js:9:98990)
    at ox (https://systemdesignschool.io/_next/static/chunks/framework-2fe4cb6473b20297.js:9:94029)
    at x (https://systemdesignschool.io/_next/static/chunks/framework-2fe4cb6473b20297.js:33:1374)
    at MessagePort.T (https://systemdesignschool.io/_next/static/chunks/framework-2fe4cb6473b20297.js:33:1904)
[ 1288108ms] Error: Minified React error #418; visit https://reactjs.org/docs/error-decoder.html?invariant=418 for the full message or use the non-minified dev environment for full errors and additional helpful warnings.
    at lg (https://systemdesignschool.io/_next/static/chunks/framework-2fe4cb6473b20297.js:9:46426)
    at i (https://systemdesignschool.io/_next/static/chunks/framework-2fe4cb6473b20297.js:9:121163)
    at oD (https://systemdesignschool.io/_next/static/chunks/framework-2fe4cb6473b20297.js:9:99116)
    at https://systemdesignschool.io/_next/static/chunks/framework-2fe4cb6473b20297.js:9:98983
    at oO (https://systemdesignschool.io/_next/static/chunks/framework-2fe4cb6473b20297.js:9:98990)
    at ox (https://systemdesignschool.io/_next/static/chunks/framework-2fe4cb6473b20297.js:9:94029)
    at x (https://systemdesignschool.io/_next/static/chunks/framework-2fe4cb6473b20297.js:33:1374)
    at MessagePort.T (https://systemdesignschool.io/_next/static/chunks/framework-2fe4cb6473b20297.js:33:1904)
[ 1288108ms] Error: Minified React error #418; visit https://reactjs.org/docs/error-decoder.html?invariant=418 for the full message or use the non-minified dev environment for full errors and additional helpful warnings.
    at lg (https://systemdesignschool.io/_next/static/chunks/framework-2fe4cb6473b20297.js:9:46426)
    at i (https://systemdesignschool.io/_next/static/chunks/framework-2fe4cb6473b20297.js:9:121163)
    at oD (https://systemdesignschool.io/_next/static/chunks/framework-2fe4cb6473b20297.js:9:99116)
    at https://systemdesignschool.io/_next/static/chunks/framework-2fe4cb6473b20297.js:9:98983
    at oO (https://systemdesignschool.io/_next/static/chunks/framework-2fe4cb6473b20297.js:9:98990)
    at ox (https://systemdesignschool.io/_next/static/chunks/framework-2fe4cb6473b20297.js:9:94029)
    at x (https://systemdesignschool.io/_next/static/chunks/framework-2fe4cb6473b20297.js:33:1374)
    at MessagePort.T (https://systemdesignschool.io/_next/static/chunks/framework-2fe4cb6473b20297.js:33:1904)
[ 1288108ms] Error: Minified React error #418; visit https://reactjs.org/docs/error-decoder.html?invariant=418 for the full message or use the non-minified dev environment for full errors and additional helpful warnings.
    at lg (https://systemdesignschool.io/_next/static/chunks/framework-2fe4cb6473b20297.js:9:46426)
    at i (https://systemdesignschool.io/_next/static/chunks/framework-2fe4cb6473b20297.js:9:121163)
    at oD (https://systemdesignschool.io/_next/static/chunks/framework-2fe4cb6473b20297.js:9:99116)
    at https://systemdesignschool.io/_next/static/chunks/framework-2fe4cb6473b20297.js:9:98983
    at oO (https://systemdesignschool.io/_next/static/chunks/framework-2fe4cb6473b20297.js:9:98990)
    at ox (https://systemdesignschool.io/_next/static/chunks/framework-2fe4cb6473b20297.js:9:94029)
    at x (https://systemdesignschool.io/_next/static/chunks/framework-2fe4cb6473b20297.js:33:1374)
    at MessagePort.T (https://systemdesignschool.io/_next/static/chunks/framework-2fe4cb6473b20297.js:33:1904)
[ 1288108ms] Error: Minified React error #423; visit https://reactjs.org/docs/error-decoder.html?invariant=423 for the full message or use the non-minified dev environment for full errors and additional helpful warnings.
    at i (https://systemdesignschool.io/_next/static/chunks/framework-2fe4cb6473b20297.js:9:120832)
    at oD (https://systemdesignschool.io/_next/static/chunks/framework-2fe4cb6473b20297.js:9:99116)
    at https://systemdesignschool.io/_next/static/chunks/framework-2fe4cb6473b20297.js:9:98983
    at oO (https://systemdesignschool.io/_next/static/chunks/framework-2fe4cb6473b20297.js:9:98990)
    at oE (https://systemdesignschool.io/_next/static/chunks/framework-2fe4cb6473b20297.js:9:95742)
    at ox (https://systemdesignschool.io/_next/static/chunks/framework-2fe4cb6473b20297.js:9:94297)
    at x (https://systemdesignschool.io/_next/static/chunks/framework-2fe4cb6473b20297.js:33:1374)
    at MessagePort.T (https://systemdesignschool.io/_next/static/chunks/framework-2fe4cb6473b20297.js:33:1904)
[ 1293008ms] [WARNING] [GSI_LOGGER]: Your client application uses one of the Google One Tap prompt UI status methods that may stop functioning when FedCM becomes mandatory. Refer to the migration guide to update your code accordingly and opt-in to FedCM to test your changes. Learn more: https://developers.google.com/identity/gsi/web/guides/fedcm-migration?s=dc#display_moment and https://developers.google.com/identity/gsi/web/guides/fedcm-migration?s=dc#skipped_moment @ https://accounts.google.com/gsi/client:86
[ 1293135ms] [ERROR] Not signed in with the identity provider. @ https://systemdesignschool.io/primer:0
[ 1298766ms] [ERROR] [GSI_LOGGER]: FedCM get() rejects with NetworkError: Error retrieving a token. @ https://accounts.google.com/gsi/client:87
[ 1561884ms] [LOG] %cWebsocket close was unclean: 1006 color: #E8910C @ https://script.hotjar.com/modules.b3c3d2ffe9c422f77646.js:1
[ 1607753ms] [LOG] %cWebsocket close was unclean: 1006 color: #E8910C @ https://script.hotjar.com/modules.b3c3d2ffe9c422f77646.js:1
